10,744,744,39.7932,-86.2389,0.266973
41.9078704079922,19.8709973448029,0,2.96852229711949,11,0.0103755345568365
41.7108583072433,19.9054388676058,0,2.96955985055935,11,0.0103755345568365
41.5137751655819,19.9394714945654,0,2.97164922227562,11,0.0105181828361182
41.3166208717615,19.9730894545531,0,2.97376728072084,11,0.0106624021293138
41.1193953391305,20.0062869103416,0,2.97591434125585,11,0.0108082038521774
40.9220985064474,20.0390579581505,0,2.9780907215173,11,0.0109555992347155
40.7247303387128,20.0713966272026,0,2.98032142005083,11,0.0113513864372473
40.5272892632561,20.1032871326172,0,2.98258652125649,11,0.0112996259622654
40.3297766278195,20.1347313539803,0,2.98485991994983,11,0.0114343614121423
40.132192600958,20.1657238072072,0,2.98717585038511,11,0.0117249435107796
39.9345364398756,20.196252843436,0,2.98954658079805,11,0.0119823611605649
39.7368076869943,20.2263081145728,0,2.99193784103579,11,0.0119302417337549
39.5390077854336,20.2558915099937,0,2.99436780739065,11,0.0123694224066341
39.3411353049601,20.2849854810493,0,2.99684801943453,11,0.0124326986323327
39.1431910952094,20.3135873445743,0,2.99935239176547,11,0.0126110253852593
38.9451753773384,20.3416898615,0,3.00190979612967,11,0.012963018876173
38.7470874669392,20.3692789081853,0,3.00450450862447,11,0.0129841068698884
38.5489285844958,20.3963534630034,0,3.00714100299235,11,0.0133808373850144
38.3506979552108,20.4228976152222,0,3.00982839023053,11,0.0134930359479096
38.1523964215724,20.4489067240664,0,3.01254589555288,11,0.0136820178105202
37.9540244559804,20.4743731035969,0,3.01532832210494,11,0.0141422485712392
37.7555812580746,20.4992782963261,0,3.01815289212235,11,0.0141034523865561
37.5570686055007,20.5236236432131,0,3.02100863813268,11,0.0144540082777467
37.3584864002027,20.5473950290498,0,3.02394165368519,11,0.0148761480292269
37.1598343532013,20.5705754823558,0,3.02692166773589,11,0.0149239932860977
36.9611140115957,20.5931628958777,0,3.02993576884409,11,0.0152170188557488
36.7623258497038,20.6151454193091,0,3.0330088834451,11,0.015514128303383
36.5634704344699,20.6365110331849,0,3.03614278067901,11,0.0158248445828058
36.3645483902857,20.6572471702634,0,3.0393449347852,11,0.0161966964902684
36.1655602212694,20.6773388233881,0,3.0426036195844,11,0.0163901513280236
35.9665072676385,20.6967780797873,0,3.04591293572045,11,0.0167030100344388
35.7673904908744,20.715552271805,0,3.04928523881551,11,0.01702002118161
35.5682109633384,20.7336485617512,0,3.0527213601593,11,0.0173411923805924
35.3689698722901,20.7510539420861,0,3.05623137665881,11,0.0177589725820589
35.1696682215689,20.7677515503817,0,3.0598142209814,11,0.0180694707926199
34.9703075388658,20.783728795353,0,3.06345859842872,10.9870497120251,0.0183743044591487
34.7708894986922,20.7989733105451,0,3.06716732024025,10.9323036055837,0.018712915156944
34.571415807113,20.8134713817689,0,3.07094417965049,10.8772819633003,0.0190556803548407
34.3718883071349,20.8272091284035,0,3.07482279788265,10.8219805800596,0.0197305032318268
34.1723081557696,20.8401594141699,0,3.07877827921642,10.7663951476054,0.0198243112927035
33.9726782389831,20.8523182917215,0,3.0827892412898,10.7105212452377,0.0202853107971925
33.7730006392662,20.8636671602973,0,3.08690661207392,10.6543543321493,0.0208883987186774
33.5732773756559,20.8741817429384,0,3.09110189985004,10.597889750222,0.0210644808443189
33.3735115959903,20.8838548210296,0,3.09538543668758,10.541122716788,0.0217708889654651
33.1737055951794,20.8926579943296,0,3.09977010346004,10.4840483174717,0.0220757811397856
32.973862689094,20.9005789094541,0,3.10422616336823,10.4266615080257,0.0224848192436492
32.7739861809185,20.9076010613367,0,3.10880304675205,10.3689570963469,0.0232840161068444
32.5740791448113,20.9136923547048,0,3.11348686652329,10.3109297525385,0.0235541833603312
32.3741456525784,20.9188418540755,0,3.11825194648453,10.2525739978739,0.0240966185994851
32.1741896770594,20.9230277529805,0,3.12312841610962,10.1938841897213,0.024668081309617
31.9742154911872,20.9262270988491,0,3.12811992706125,10.1348545234262,0.0252470320582025
31.7742277078212,20.9284166572723,0,3.13322796279415,10.0754790256388,0.0258333290245098
31.5742312915148,20.9295729210364,0,3.13845397653292,10.0157515466323,0.0264268122737503
31.3742315702981,20.9296721200946,0,-3.13938591956292,9.95566575217153,0.0270273028468059
31.1742342474428,20.9286902325158,0,-3.13391972950695,9.89521511490149,0.0276346018492241
30.9742454131735,20.9266029964463,0,-3.12831978079964,9.83439290522674,0.0283648886586731
30.774271644139,20.9233812679991,0,-3.12257059227491,9.77319218560826,0.0291269996537026
30.5743200536644,20.9189946740521,0,-3.11670128119423,9.71160580366289,0.0295661136633477
30.3743979102589,20.9134258058231,0,-3.11068037839751,9.6496263735951,0.0306429174544853
30.1745136667047,20.9066318108886,0,-3.10451419740169,9.58724627367826,0.0310188950989586
29.9746754304476,20.8985979175593,0,-3.09819233697794,9.52445763025245,0.0321997114214429
29.774893089539,20.8892772536709,0,-3.09169925668245,9.46125230996206,0.0327310956498503
29.5751760782098,20.8786489817647,0,-3.08506647226465,9.39762191201022,0.0335967530641056
29.3755350084473,20.8666789925131,0,-3.07825671736847,9.3335577375628,0.0345008019817286
29.1759812994785,20.8533317447964,0,-3.0712653577078,9.26905079086574,0.0354128000781921
28.9765271461426,20.8385714940086,0,-3.06409088604615,9.20409176395791,0.0363319216569591
28.7771855374638,20.822362337345,0,-3.05673196716465,9.13867101901064,0.0372572732424213
28.5779702737871,20.8046682622877,0,-3.04918745138494,9.07277856944058,0.0381878914823142
28.3788959822757,20.7854531983273,0,-3.04144208900547,9.00640405970927,0.039265739233262
28.1799787465018,20.7646753853091,0,-3.03347722071141,8.93953675106968,0.0403829501193285
27.9812358408579,20.7422916979765,0,-3.0253089912112,8.87216550475107,0.0412993518821607
27.7826846352624,20.7182672067759,0,-3.01692963598758,8.80427875424144,0.0424942053870142
27.5843447957903,20.6925561507848,0,-3.00830580016294,8.73586447511425,0.0437441593538097
27.3862375243447,20.6651108643982,0,-2.99945256267032,8.66691018220464,0.0447882223934875
27.1883840914417,20.6358921357006,0,-2.99037018433972,8.5974028858218,0.0460355702367795
26.9908081002872,20.6048530184802,0,-2.98103865898172,8.52732905985035,0.0472796944124235
26.7935344750641,20.5719470560522,0,-2.97145225489739,8.45667461898576,0.048584355100078
26.596589929742,20.5371258001141,0,-2.96158887055934,8.3854248851474,0.0500494960662848
26.4000038529302,20.5003349360438,0,-2.95147557899584,8.31356456072429,0.0510834245805956
26.2038039509458,20.4615375772919,0,-2.9410793165891,8.24107766961162,0.0528792046838138
26.0080253733628,20.4206674573733,0,-2.93039058312333,8.1679475319352,0.0540081399027162
25.8126997477547,20.3776850523237,0,-2.91943685955824,8.09415672426821,0.0555291079355704
25.6178635680331,20.3325361041719,0,-2.90818123648698,8.01968700201687,0.0570271414752298
25.4235550474824,20.2851679644269,0,-2.89662938552585,7.94451927324844,0.0584913861227732
25.229813985327,20.2355300558967,0,-2.88477269891718,7.86940699687004,0.0600754958394107
25.0366833494008,20.1835679824034,0,-2.8726038660368,7.79645939050971,0.0616128458444096
24.8442077258871,20.129230065595,0,-2.86012718296251,7.72546940022183,0.0631540000096438
24.6524338439819,20.0724654492795,0,-2.84734525755678,7.65655595216196,0.0646652715558623
24.4614101891087,20.0132254493363,0,-2.83425274723521,7.58962197313181,0.0662598536516954
24.2711883956014,19.9514593066819,0,-2.82084992892998,7.52546928884714,0.0677683518356198
24.0818212667015,19.887120733709,0,-2.80714033771968,7.46372698835834,0.0693275800994179
23.8933644575587,19.820162777398,0,-2.79312493398286,7.4051685461724,0.0708264719385907
23.7058750603597,19.750542103362,0,-2.778811998317,7.34981232787787,0.0723028994658679
23.5194120585172,19.6782176258407,0,-2.7642185571487,7.29813542058204,0.0736315274416551
23.3340343773775,19.6031552068171,0,-2.74936085580833,7.24939330042367,0.0749454991918132
23.1498026386324,19.5253226975251,0,-2.73422965399766,7.20422069489762,0.0763665329473645
22.9667811599064,19.4446855737025,0,-2.71886711212911,7.16575188227029,0.0772588950014334
22.7850275200182,19.3612302058154,0,-2.70329688851218,7.12813350550927,0.0784433436620527
22.6046055205759,19.2749337637301,0,-2.68752013682017,7.09763878729641,0.0793241742386776
22.425575288279,19.1857859565098,0,-2.67158585289962,7.07271863476432,0.0800186651012273
22.247994667945,19.0937845610586,0,-2.65554187995986,7.05341026878025,0.0804210673657584
22.0719167414126,18.9989389543253,0,-2.6394093505228,7.05341026878025,0.0809042306007117
21.8973964743425,18.9012567949474,0,-2.62322896318715,7.05341026878025,0.0808996417385196
21.7244794667368,18.8007638160512,0,-2.60705644574482,7.05341026878025,0.0808255288789837
21.5532094560175,18.6974888642869,0,-2.59095649452529,7.06830110958745,0.0801739803058757
21.3836173583662,18.5914810107536,0,-2.5749812208083,7.09001090157425,0.0795787554824371
21.2157338146805,18.4827874801749,0,-2.55918961764513,7.12459158723051,0.0783372740781418
21.0495737003373,18.3714770516087,0,-2.54365753946436,7.16644500454839,0.0769835049341696
20.8851469607666,18.2576215545003,0,-2.52846327145419,7.21928944084156,0.0749591751190835
20.7224454580633,18.1413138290731,0,-2.51368985658274,7.28061932923194,0.0727749740600212
20.5614538829409,18.0226503102216,0,-2.49940814394148,7.23804056884694,0.070042155769607
20.4021402335899,17.9017431885584,0,-2.48572682429183,7.15466566040899,0.0667710417170625
20.2444552368392,17.7787193069254,0,-2.47273030233986,7.07030757516816,0.0631941790305896
20.0883375370248,17.6537122416812,0,-2.46051530047892,6.98493068463525,0.0589558409934087
19.9337045026894,17.5268729904382,0,-2.44919569663078,6.89849716276826,0.054240199203728
19.7804563607131,17.3983636555676,0,-2.43887653571067,6.81096677955578,0.0489514143634345
19.628473548993,17.2683600438739,0,-2.42967194666825,6.72229668792922,0.0430944816688306
19.4776167213826,17.1370512357939,0,-2.42169670920408,6.63244117786258,0.0366578992993574
19.3277265159644,17.0046398377579,0,-2.41507501790829,6.54135140453842,0.0295590198945213
19.1786216066186,16.8713445399264,0,-2.40993551051743,6.44897507681898,0.0218360598824238
19.030100158616,16.7373992636533,0,-2.40640848084467,6.35525610641639,0.0134342417669248
18.8819390788323,16.6030553640876,0,-2.4046312194218,6.26013421137637,0.00433837542404121
18.733894601593,16.4685829412128,0,-2.40474405035685,6.16354446306033,-0.0054666850870258
18.5857032170011,16.3342724863776,0,-2.40689185495318,6.06541676861055,-0.0160113661778767
18.4370825809228,16.2004373467417,0,-2.41122279315506,5.96567527660508,-0.0272980284245259
18.2877336358574,16.0674157497271,0,-2.41788156613701,5.86423769265304,-0.0392897241360596
18.1373442820719,15.9355720387031,0,-2.42701201027773,5.76101448426495,-0.0520147528971666
17.9855918715904,15.8053002220871,0,-2.4387549049662,5.65590795395045,-0.0654142456675295
17.832148630032,15.6770252354316,0,-2.4532318626771,5.54881115869734,-0.079355399938175
17.676689520895,15.5512020843327,0,-2.47054802486068,5.43960662874495,-0.0938063046260438
17.5188980231324,15.4283180706994,0,-2.49078281731768,5.32816485406264,-0.108541719358133
17.3584771700757,15.3088887773583,0,-2.51395982565717,5.21434249156298,-0.123228478238484
17.1951629130033,15.19344974108,0,-2.54005361501091,5.09798017404026,-0.137709527235533
17.0287326620967,15.0825526197241,0,-2.56898700154,4.9788998640779,-0.151624431098801
16.8590176437832,14.9767534008455,0,-2.60058726832157,4.85690167959088,-0.164378291455414
16.6859178994183,14.8765905099932,0,-2.63458929284557,4.7468012030844,-0.175641948218834
16.5094081788968,14.7825694475674,0,-2.67065690431578,4.65529559461271,-0.185034106531128
16.3295416002354,14.6951437776289,0,-2.70835273927573,4.5842816259065,-0.191924124639153
16.1464531919601,14.6146852540167,0,-2.74717363628838,4.53265580220314,-0.196284696960749
15.9603484667771,14.5414745083057,0,-2.78665947156791,4.50567803470127,-0.198573626006864
15.7714839518372,14.4757107294827,0,-2.82654512120114,4.48126086029782,-0.200282900186045
15.5801375567365,14.4175630032217,0,-2.86673878967336,4.46208710450767,-0.201653814558474
15.3866024036694,14.3671776536949,0,-2.90716538816331,4.45009028859611,-0.202612182134034
15.1911850456246,14.3246740565318,0,-2.94776122029534,4.43953852690684,-0.203346129458971
14.9942012135685,14.2901508959538,0,-2.98846853246927,4.43495390443902,-0.203726982010309
14.7959746549745,14.2636803596507,0,-3.02922088318222,4.43495390443902,-0.203796524128648
14.5968341286612,14.2453091489258,0,-3.06996987944601,4.43495390443902,-0.203693450934574
14.3971105748233,14.2350636581218,0,-3.1106813205671,4.43495390443902,-0.203420971793771
14.1971355052565,14.2329499949844,0,3.13186376994103,4.44200338584434,-0.202981203112238
13.9972393585794,14.2389540814043,0,3.0913288987239,4.44742256287464,-0.202367522588634
13.7977497879062,14.2530415436934,0,3.05091706036436,4.45373925549234,-0.201750890264207
13.5989907770183,14.2751648045143,0,3.01063480513339,4.46079135377017,-0.201071706120436
13.4012818015899,14.3052610005276,0,2.97049255486919,4.46814135227428,-0.200350833599316
13.2049370657873,14.3432531682814,0,2.93048861918681,4.47565841469452,-0.19968855881994
13.0102657215876,14.3890545370095,0,2.89062312456499,4.48319081223041,-0.198966413250465
12.8175705040795,14.442564239203,0,2.85089081989564,4.49082227113512,-0.198356653476326
12.6271490598496,14.5036743373795,0,2.81128905573871,4.49858513480127,-0.197661000887564
12.4392914974492,14.5722625378378,0,2.77181732120993,4.5067675349085,-0.19705634843246
12.2542821744907,14.6481993013464,0,2.73247764972331,4.51577386357277,-0.196340370761953
12.0723965187515,14.7313406547423,0,2.69328709263431,4.52627376422184,-0.195565194221889
11.8939009524011,14.8215307584221,0,2.65426317365785,4.5389129566303,-0.194673992619522
11.7190511964258,14.9186005053106,0,2.61544706904954,4.55492233509205,-0.193487049039908
11.548087617718,15.0223622060533,0,2.57689640946463,4.57551676631248,-0.192019537126737
11.3812337881925,15.1326115761726,0,2.53868350133143,4.60237682827598,-0.190109528922944
11.2186912041402,15.2491239999209,0,2.50091181013959,4.63695434228733,-0.187607356010701
11.06063343968,15.3716520376206,0,2.46371359490965,4.67702371458116,-0.184374761727913
10.9071999740337,15.4999241170168,0,2.42724961621993,4.7270124630728,-0.180264986638586
10.7584893926009,15.6336437503203,0,2.39171164299784,4.78809218123871,-0.175114705371171
10.6145518208192,15.772489064675,0,2.35732697777489,4.86192541667928,-0.168731906282945
10.4753802874085,15.9161123455162,0,2.32435325747345,4.94974000597939,-0.161005262554674
10.3409043114833,16.0641425398263,0,2.29307555077922,5.05290849888783,-0.15177178404669
10.2109822961494,16.2161866180929,0,2.26380138761194,5.17237377298922,-0.140969848527915
10.0853973888236,16.3718336505886,0,2.23685423399842,5.30893085266836,-0.128501714245249
9.96385300599903,16.5306574038305,0,2.21255961792736,5.46265076966921,-0.114444500248488
9.84597477549398,16.6922222449836,0,2.1912242404669,5.63296853306817,-0.0989093569393636
9.73131484930244,16.8560880397876,0,2.17305158989017,5.81732837534169,-0.0828172482806914
9.61938421222018,17.0218311701596,0,2.15807810372873,6.01243232982278,-0.0669176987902767
9.50968137761895,17.1890580271504,0,2.14623398294488,6.20881055671818,-0.0515235734627819
9.401707281875,17.3574068783515,0,2.13739911396607,6.3991656300471,-0.0368251600470685
9.2949758105316,17.5265466860045,0,2.13141660755094,6.58401983639278,-0.0229999301917816
9.18902339730869,17.6961758402389,0,2.12810421062767,6.76382407525764,-0.0101240514117115
9.0834146233751,17.8660192516897,0,2.12726580713684,6.93897082047363,0.0017400138145466
8.97774675648239,18.0358258900793,0,2.12869720664122,7.10980420429633,0.0125739845458131
8.87165224059599,18.2053661856984,0,2.13219254335416,7.27662796682798,0.0223793889418908
8.76480002220442,18.3744298017325,0,2.13754847191268,7.43971179904655,0.0311799038480311
8.65689570366029,18.5428236616082,0,2.14456722837489,7.59647263117751,0.0390076673239126
8.54768105597319,18.7103704266242,0,2.1530587734305,7.7333223959814,0.045907788322156
8.43693280234318,18.8769072186727,0,2.16284151507582,7.79979701801553,0.0519196314216944
8.32446135374321,19.0422848910091,0,2.17374492789879,7.72248920383805,0.0571144983378552
8.21010829583143,19.206366902004,0,2.18560932021093,7.64439968739386,0.061529424790025
8.09374486978271,19.3690291738726,0,2.19828546396315,7.56550425659027,0.0652320110986511
7.97526933538697,19.5301594047403,0,2.21163788464569,7.49047166433911,0.0682921930451274
7.85460420814305,19.6896563661463,0,2.22553970377379,7.42740456926097,0.070725994972725
7.73169517503539,19.8474305142349,0,2.23987564650052,7.3756815552891,0.0726334289465439
7.60650730531661,20.0034025550335,0,2.2545433546445,7.33507784035375,0.0740436493381496
7.47902353560976,20.1575036437487,0,2.26945008360493,7.30543667351993,0.0750236371618977
7.34924198338181,20.3096745689137,0,2.28451231604474,7.2900590824672,0.0755986839381642
7.21717458149596,20.4598658980309,0,2.29965743088798,7.2900590824672,0.0758524610154728
7.08284398961215,20.6080364917586,0,2.31482152881216,7.2900590824672,0.0757885147390566
6.94628298246025,20.7541540062298,0,2.32994833438282,7.2900590824672,0.0754795379351176
6.80753182811039,20.8981934527784,0,2.34498957291866,7.30808129327258,0.0749328455342739
6.6666376574658,21.040137419698,0,2.35990344445547,7.33396421835001,0.0742058687435379
6.52365243633116,21.179974825035,0,2.37465728437524,7.36563018821794,0.0733325302012096
6.3786317069105,21.3177002044658,0,2.38922149234431,7.40265779561797,0.0723095496050402
6.23163440256733,21.4533140126171,0,2.40357102195602,7.4443697395287,0.0711857465727902
6.08272126473462,21.5868213628997,0,2.41769057082228,7.48997745302622,0.0700097430286733
5.93195338017268,21.7182306567322,0,2.43158198922011,7.53788294445032,0.0689044442971632
5.77938889976464,21.8475498504516,0,2.4452817804453,7.58487007990139,0.0680934715488529
5.62507743878526,21.9747794072171,0,2.45884729805719,7.62833788014598,0.0675617081260125
5.46906093367973,22.0999123149627,0,2.47233009439362,7.66602492756498,0.0672662585099588
5.31137514813922,22.2229350370827,0,2.48577910879583,7.64105194419341,0.0672238883655155
5.1520496525028,22.343826652784,0,2.49924285782464,7.59618875800098,0.0674136044150523
4.99110874929956,22.4625591972675,0,2.51276601154399,7.5438525527553,0.0678179349523154
4.82857227952627,22.5790979374415,0,2.52639038132364,7.4857152120589,0.0684257651937896
4.66445625695401,22.6934014784164,0,2.54015666238826,7.42299000938491,0.0692370482702041
4.49877324653226,22.805421527819,0,2.55410528580662,7.35670738829327,0.0702491890227072
4.33153281937693,22.9151027504344,0,2.56827480388338,7.28778394998757,0.0714459950606779
4.16274231408859,23.0223830923926,0,2.58270011267661,7.21698430088153,0.0728070960746954
3.99240766444656,23.1271942815991,0,2.59741633072122,7.14493303417825,0.0743550877062197
3.82053332601749,23.2294608846569,0,2.61245534408497,7.07244677600094,0.0760350491147841
3.64712382824444,23.3291020249172,0,2.62784682801788,7.00004393600209,0.0778797934577022
3.47218350842536,23.4260301205972,0,2.64361623659431,6.92856977790028,0.0798142960444099
3.29571838839719,23.5201533872445,0,2.65978370631084,6.85850182148412,0.0818604048135521
3.11773609355549,23.6113750160088,0,2.67636770974698,6.79064375997823,0.0839796334512543
2.93824693016019,23.6995944884846,0,2.69337649429195,6.72579124048976,0.0861082153695751
2.75726528568556,23.7847098809282,0,2.71081109442733,6.66454994033003,0.0882377886357114
2.5748099342644,23.8666182510067,0,2.72866430827626,6.60784231891047,0.0902943515045261
2.39090535184434,23.9452184596705,0,2.74691708732972,6.55645253387692,0.0922334393735067
2.20558233270641,24.0204130146721,0,2.76553664651907,6.51138858930883,0.0939621507728246
2.01887912529854,24.0921117913854,0,2.78447781916355,6.47341793719964,0.0954495712712584
1.83084137292097,24.1602335444898,0,2.80368046730534,6.44444493882984,0.0965769034822948
1.64152303837696,24.224710775764,0,2.82306559902622,6.44444493882984,0.0972744051136083
1.45098624312442,24.2854928623038,0,2.84253999320049,6.44444493882984,0.0974695272207896
1.25930084018054,24.3425493305506,0,2.8619953811946,6.44444493882984,0.0970843423320306
1.06654373728195,24.3958733595082,0,2.88130971615111,6.46022010136872,0.0960589955660031
0.872797731817882,24.4454845871966,0,2.90034993894645,6.49830856102769,0.0943432203609857
0.678150046671895,24.4914315060971,0,2.9189812339552,6.54967807503915,0.0919697224966468
0.482690037096266,24.5337905490626,0,2.93710592483967,6.61107111190406,0.0892771871877004
0.286504725810316,24.572653032984,0,2.95468360158559,6.67988666399142,0.0864995837591446
0.0896763284308975,24.608115909969,0,2.97171005019487,6.75412371356131,0.0837649072442089
-0.107718679021145,24.6402765266491,0,2.98819873541857,6.83234937601124,0.081121950566857
-0.305609605510062,24.6692304573063,0,3.00417910591269,6.91302263034486,0.0786817601272212
-0.503931762389348,24.6950668661928,0,3.01969743128722,6.99470327767589,0.0765014997465126
-0.702626099249823,24.7178659928297,0,3.03480790539105,7.07610291333442,0.0746032471935114
-0.90163856953586,24.7376980516546,0,3.04957367963971,7.03032805720371,0.0730545010130545
-1.10091961867306,24.7546203515,0,3.06406452734927,6.9444598839861,0.0718539815883977
-1.3004233175177,24.7686771786447,0,3.07835446960536,6.85751655314841,0.0710454462187819
-1.5001066344546,24.7798979180034,0,3.09252042809011,6.76945664702317,0.0706141438128631
-1.69992851127354,24.7882975392843,0,3.10664107261598,6.68023601787923,0.0705923063921476
-1.89984905130073,24.793875239544,0,3.1207993913709,6.5898075281937,0.0709908863260342
-2.0998286029495,24.7966139653491,0,3.13507766498079,6.49812076166882,0.0717918553416414
-2.29982681288911,24.7964811269737,0,-3.13362503264329,6.40512169352783,0.0730342465598185
-2.4998016758174,24.7934270640774,0,-3.11884997369492,6.3107523174658,0.0747163500561453
-2.69970848188264,24.7873851778948,0,-3.10369100832331,6.21495022344966,0.0768733118700332
-2.89949865093719,24.7782706328373,0,-3.08805562784205,6.11764811682416,0.0794805022238275
-3.09911854694389,24.7659814978797,0,-3.07184440469065,6.01877326334511,0.0826317404673306
-3.29850791201646,24.7503952179733,0,-3.05495221053198,5.91824685445461,0.0862902155606968
-3.49759838100319,24.7313703815893,0,-3.0372694885221,5.81598327385417,0.0905370230190621
-3.69631146676187,24.7087438806716,0,-3.01867526830216,5.7118892414807,0.0954052033121957
-3.89455634038612,24.6823301200953,0,-2.99904006818153,5.60586282003995,0.100946828486873
-4.09222717894228,24.6519196367995,0,-2.97822307600229,5.49779224677093,0.107223131469021
-4.28920000784306,24.6172775759225,0,-2.95606995223233,5.38755455409034,0.114308153719291
-4.48532890006582,24.5781419516363,0,-2.9324109104416,5.27501393190882,0.122282325843779
-4.68044144389797,24.534222041281,0,-2.90706285495493,5.16001977059837,0.131198309759539
-4.87433370714461,24.4851983539144,0,-2.87982217315269,5.04240429343865,0.141208615505197
-5.06676336501406,24.4307193637483,0,-2.85046776940801,4.92197968863136,0.152335561725219
-5.2574430204143,24.3704041482778,0,-2.81878337813627,4.79853459019897,0.164508493940975
-5.44603407849213,24.3038494772581,0,-2.78463738083552,4.67182967834142,0.176951602030455
-5.63215077967851,24.2306641143325,0,-2.74801348695466,4.54987792616406,0.189287456967363
-5.81536275620645,24.1504875822481,0,-2.70894035360914,4.43647109888129,0.201443992638703
-5.99519526973411,24.0629974232501,0,-2.66747879866193,4.33219780527595,0.213171661051648
-6.17113397104294,23.9679228311544,0,-2.62372683427533,4.23724044171373,0.224348062384577
-6.34262967930916,23.8650531092444,0,-2.5778211836578,4.15218526681802,0.234708486318667
-6.5091080831226,23.7542502176353,0,-2.52994631423492,4.07728266895224,0.244040190290208
-6.66998117145154,23.6354578588951,0,-2.48033016979766,4.01163103381908,0.252121177916488
-6.82466134896271,23.508708810179,0,-2.42925150854897,3.95963683993928,0.258665287682945
-6.97257966127479,23.3741314914767,0,-2.37701696586433,3.92035797863772,0.263679945698328
-7.11319804920267,23.231944772301,0,-2.32396470250633,3.8857669271744,0.266842473509043
-7.24603125426858,23.0824597853281,0,-2.27044977505759,3.8857669271744,0.268306577250365
-7.37065548311519,22.9260654632355,0,-2.21681441075954,3.8857669271744,0.268046869743832
-7.48672059866377,22.7632178375218,0,-2.16339344233211,3.8857669271744,0.266162640643256
-7.59395685855504,22.5944249735337,0,-2.11048674553509,3.91956511503887,0.262904196002496
-7.69217406834471,22.4202288173569,0,-2.05835564597348,3.9507780249464,0.258406717034061
-7.78126183860916,22.2411907392476,0,-2.00721372563511,3.99007498067005,0.253012452413734
-7.86118005924782,22.0578747979894,0,-1.95722291065021,4.03622312689812,0.246895714275263
-7.93195293168171,21.8708366356087,0,-1.90849964233548,4.08799329144067,0.240337010478994
-7.99365741929098,21.6806129147487,0,-1.861106494842,4.14395502142948,0.233594522667951
-8.04641105135127,21.4877140001723,0,-1.81506791877918,4.20285820213362,0.226791308747257
-8.0903640888214,21.2926205049915,0,-1.77037821760882,4.26335669556776,0.220105785105708
-8.12568924730041,21.0957808339893,0,-1.726994860414,4.32415076096103,0.213727886345897
-8.15257079495431,20.8976105526955,0,-1.68485191495344,4.38409395873108,0.207701676568496
-8.17119953571318,20.6984940819433,0,-1.64386918545246,4.44197737981115,0.202125723111796
-8.1817659761585,20.4987867036342,0,-1.60394891723426,4.49665826860503,0.197077059262913
-8.18445470859553,20.298817431559,0,-1.56498494634789,4.54723514241216,0.19256274446332
-8.17944201191933,20.0988923758498,0,-1.52686504902126,4.5927635097889,0.188636315361834
-8.16689201825473,19.8992981969058,0,-1.48946836098478,4.63270809267721,0.18533064749578
-8.14695411865944,19.7003058161097,0,-1.4526737645148,4.66706899996838,0.182615396274455
-8.11976327849034,19.5021738891378,0,-1.41635935831827,4.69593579495097,0.180528736209805
-8.0854379754846,19.3051524076675,0,-1.38041387110988,4.71984597804032,0.178926189739303
-8.04408565683738,19.1094849698983,0,-1.34476061512062,4.73951801580369,0.177606405582768
-7.99581049194057,18.9154093967485,0,-1.30934398577427,4.75585754012866,0.176559905715476
-7.9407136185667,18.7231590281401,0,-1.27412432613179,4.76975644964385,0.17563669828913
-7.87889884968208,18.5329621770304,0,-1.23907927784899,4.78238159053094,0.174813791931404
-7.81047337907855,18.3450422617113,0,-1.20419724702387,4.79428473354703,0.17400652355898
-7.73555076703895,18.1596168596935,0,-1.16946748040135,4.80622487178131,0.173291153497184
-7.65424788105704,17.9768988926734,0,-1.13489632604172,4.81872798119483,0.172420403072234
-7.56669368139186,17.7970925769042,0,-1.10050125779502,4.83221703896394,0.171530294146601
-7.47302371231514,17.6203950137116,0,-1.06629635817541,4.8472903545216,0.170518723083595
-7.37338326817468,17.4469939654945,0,-1.03230774550735,4.86437668075108,0.169367415707624
-7.26792733033287,17.2770667857237,0,-0.998559865093293,4.88361243654066,0.168111396690275
-7.15681864642481,17.1107805191851,0,-0.965089383899385,4.90543694539543,0.166593419688012
-7.04023211854409,16.9482877191847,0,-0.931932547349051,4.93009948643661,0.164974945404265
-6.91834844850435,16.7897292744746,0,-0.899118072044492,4.95781549905559,0.163169803158609
-6.79135606566515,16.6352319273208,0,-0.866683958465021,4.98863034272774,0.161171322807493
-6.65945026271746,16.484907471704,0,-0.834668525008694,5.02272369942579,0.15898300761637
-6.52283197748592,16.3388522839402,0,-0.803108909463177,5.06018666494545,0.156613147832844
-6.38170643766249,16.1971470980662,0,-0.772030147869838,5.10108206728821,0.154174474616095
-6.236279016952,16.0598599915084,0,-0.74146482336593,5.14535798157612,0.151478780194493
-6.08675955321457,15.927040868247,0,-0.711445643318473,5.19299756539809,0.148713033519802
-5.93335619959523,15.7987267509444,0,-0.68199231297769,5.24212917634344,0.145820288801155
-5.7762762219654,15.6749402483536,0,-0.653125795670578,5.29322802268525,0.142844900928932
-5.61572413511535,15.5556910882315,0,-0.624863380918894,5.34675605883224,0.13977926131157
-5.45190126925197,15.4409761442326,0,-0.597220391869101,5.40273175410636,0.13665064400918
-5.28500456179571,15.3307806261533,0,-0.570207872699093,5.4611036701846,0.133474565394247
-5.11522576790607,15.2250789839837,0,-0.54383190276377,5.52164383536765,0.130285153902202
-4.94275040835227,15.1238365130182,0,-0.518096161458384,5.58436114135802,0.127072279443901
-4.76775776249697,15.0270094995615,0,-0.493003287192475,5.64915603325083,0.12385647894294
-4.59042027655812,14.9345464171788,0,-0.468546989644104,5.71553081671598,0.120706510563244
-4.4109022730368,14.8463909068056,0,-0.44472698086752,5.78408049137094,0.117493589004318
-4.22936226030813,14.7624776873288,0,-0.421539040162248,5.85409920008087,0.114385827502556
-4.0459499987641,14.6827390869076,0,-0.398967989210698,5.92552177980462,0.111324691044554
-3.86080775698552,14.6071034889548,0,-0.377007617755118,5.99850752423413,0.108279029755161
-3.67407090534395,14.5354946403016,0,-0.355648150881903,6.07276504078196,0.105315643544543
-3.48586708458588,14.4678345768635,0,-0.334872945791294,6.14808074146992,0.102436412712738
-3.29631650149702,14.4040441654663,0,-0.314670128329687,6.22459036575121,0.0995917683642884
-3.10553283093994,14.344041639676,0,-0.295028029901878,6.30211536125775,0.0968292236528272
-2.91362283994538,14.2877447717458,0,-0.275929337044503,6.3804654695384,0.094157713331099
-2.72068661868214,14.2350715886217,0,-0.257354743154862,6.45942326598056,0.0915882349901656
-2.52681782344263,14.1859411448139,0,-0.239276271139902,6.53837734154626,0.0891964947819409
-2.33210334063047,14.1402767880406,0,-0.221641652051186,6.615845305346,0.087149704923457
-2.1366224364253,14.0980130335538,0,-0.204395396352488,6.69128111742522,0.0853128604373201
-1.94044880172134,14.0590906579602,0,-0.187489517157646,6.76375539515189,0.0837459379309201
-1.74365071287717,14.0234593221337,0,-0.170870738880254,6.83235136859154,0.0824418510807807
-1.54629183271719,13.9910775515363,0,-0.154496188786187,6.89675155343085,0.0813036556003216
-1.34843246529526,13.9619091126296,0,-0.138325296709945,6.95596708368864,0.0804052707899286
-1.15012959834912,13.9359260894473,0,-0.12231440441299,7.00918877974708,0.079703658084996
-0.95143772150084,13.9131073224108,0,-0.106425175142147,7.05546381540503,0.0791886398029314
-0.752409358446507,13.8934381112202,0,-0.0906212131609582,7.0935629054271,0.078850984840304
-0.553095557523383,13.8769099311771,0,-0.0748678932689733,7.11485416820255,0.0786822189894437
-0.353546347069666,13.8635201582383,0,-0.0591314023200482,7.11529887534393,0.0786826950438861
-0.153811146434946,13.8532721275616,0,-0.0433767327101069,7.10858402654554,0.0788640053761484
0.0460608304271117,13.8461756249965,0,-0.0275739499160176,7.09484474011146,0.079163826939673
0.246020085661732,13.8422444061755,0,-0.0116942019629398,7.06363534836704,0.0796336572304488
0.446016560664013,13.8414982486917,0,0.00429381939448063,7.0272953194196,0.0802465618234141
0.645999217042686,13.843961854882,0,0.02041712417369,6.98689584182152,0.0809864912464107
0.845915695944043,13.8496641737049,0,0.0367030234174311,6.94315759120892,0.08187250630684
1.04571195493505,13.8586391120892,0,0.0531759519139229,6.8970179131578,0.0828567828948048
1.24533200483885,13.8709235581774,0,0.0698600046573885,6.84884653762594,0.0839837475456193
1.44471750435557,13.886559076802,0,0.0867784164645587,6.79957595293368,0.0852003732843742
1.64380756641887,13.9055896978421,0,0.103947750484589,6.74965845688447,0.0864929698669302
1.84253857505152,13.9280612689103,0,0.121385393128403,6.69947709547585,0.0878834608742791
2.04084384769955,13.9540222118217,0,0.139105981156192,6.64980040233795,0.08932242478154
2.23865363648603,13.9835214323296,0,0.157118957597661,6.60106045196177,0.0908073452391826
2.43589499453564,14.0166080917803,0,0.175429503038002,6.55387622481044,0.0922981136512202
2.63249192716667,14.0533298918733,0,0.194039973313525,6.50866062539228,0.0938065921672294
2.8283652630433,14.0937334122582,0,0.212944587867969,6.46636509359708,0.0952395554029855
3.02343342048945,14.1378603351436,0,0.232129468553706,6.42712204429985,0.0966092515263153
3.21761252502259,14.1857478445717,0,0.251579929881018,6.39159074558688,0.0978953617483544
3.41081680305139,14.2374277591425,0,0.271266449056959,6.3610674140587,0.0989698286438486
3.60296028425942,14.2929215600648,0,0.291153713012628,6.33491158391761,0.0999028074779769
3.7939566419708,14.3522431487058,0,0.311200835738656,6.31578832260667,0.100568414584893
3.98372123807854,14.4153941084146,0,0.331353096431192,6.31578832260667,0.100954185373298
4.17217215415566,14.4823634360659,0,0.351547320262686,6.31578832260667,0.100988046471602
4.35923210965748,14.5531251054347,0,0.371711608068658,6.31578832260667,0.10065482537494
4.54482979297026,14.6276378939235,0,0.391770124344229,6.33419872170854,0.0999303317189922
4.72890135064613,14.7058449469994,0,0.411635300629764,6.36494836043309,0.0987214254352025
4.91139307222734,14.7876709192483,0,0.431213841158439,6.40511427055843,0.0970639736739955
5.09226215059899,14.8730239789342,0,0.450413985675631,6.4547073169374,0.0949374669497053
5.27147821720547,14.9617957638026,0,0.469138305927375,6.51408361043368,0.09230573193479
5.44902516368855,15.0538608479535,0,0.487299911990931,6.58248795576926,0.0893103274310266
5.6248995706434,15.1490825233186,0,0.504821682176825,6.65989715005818,0.0859073752403826
5.79911222668052,15.2473118764802,0,0.521637702269198,6.74554245486396,0.0822528275979719
5.97168563632981,15.3483938121624,0,0.537697484413246,6.8390297315562,0.0783449971028538
6.14265425212619,15.4521673897974,0,0.552958078845153,6.93981494951996,0.0742609507736137
6.3120629777003,15.5584687965433,0,0.567391553801448,7.04727401695386,0.0700738033575198
6.47996549207352,15.6671340161324,0,0.58097703366489,7.16098336301001,0.065781000246088
6.64642405237016,15.7779988312596,0,0.593705154794305,7.28024911719602,0.061500216318093
6.81150655942124,15.8909027558104,0,0.605574330757623,7.40465559742056,0.0571915486251425
6.97528699858514,16.0056876115203,0,0.616586994625984,7.53363528331772,0.0529350948461888
7.13784317449999,16.122200036149,0,0.626755223137709,7.66667142284575,0.0487471948075187
7.29925582104422,16.2402918095759,0,0.636091660224249,7.80333803449078,0.0446171800797565
7.45960836751676,16.3598192897387,0,0.644613257996219,7.94312887620392,0.0405988012303556
7.61898519008234,16.4806449047241,0,0.652340938759364,8.08561275024781,0.0366780095805207
7.77747147889239,16.6026364410009,0,0.659294919141068,8.23036914765073,0.0328617968450143
7.93515264358856,16.7256670147977,0,0.66549835677584,8.37490134032985,0.0291725816453032
8.09211336035673,16.8496155266413,0,0.670973229792829,8.51698124138804,0.0255761502504755
8.24843804815508,16.9743653409851,0,0.675740876961355,8.65672958986111,0.0221003228231957
8.40420984784342,17.0998049313822,0,0.679823905741349,8.79425753116715,0.0187299660930295
8.55951069216496,17.2258271866278,0,0.683243078078302,8.92966765094954,0.0154617581345513
8.71442111518109,17.3523291043913,0,0.6860176383115,9.06305487057876,0.0122838448359763
8.86902030484269,17.4792112353876,0,0.688165754547043,9.19450722580753,0.00919731798006464
9.02338585247704,17.6063775430499,0,0.689704500382975,9.22712006049611,0.00619014068916329
9.17759385586412,17.7337348699269,0,0.690648905480631,9.16186360166649,0.00325391046674742
9.331718949604,17.8611925296614,0,0.691012415966807,9.09613899752864,0.000381194451221345
9.4858343262309,17.9886619398197,0,0.690806631449528,9.02993602772339,-0.00243903966309916
9.64001186160443,18.1160561532166,0,0.690041457418658,8.96324409432567,-0.00521270076095139
9.7943221193506,18.2432895550398,0,0.68872494016038,8.89605220205492,-0.00795247202389038
9.94883453470163,18.3702773572761,0,0.686862802521778,8.82834893711559,-0.010668904646482
10.1036175473804,18.4969351628635,0,0.684459175858239,8.76012244460762,-0.0133673623534273
10.2587386040312,18.6231786930214,0,0.681516279829874,8.69136040431361,-0.0160615983742212
10.414264371802,18.7489232561432,0,0.678033715989002,8.62205000471116,-0.0187640405734263
10.5702609120386,18.8740832555754,0,0.674009513711593,8.55217791520878,-0.0214779828685508
10.7267936174588,18.9985719796453,0,0.669439737608667,8.4817302562086,-0.0242197789843824
10.8839274668071,19.1223009810034,0,0.664317708235221,8.41069256680232,-0.027000515709209
11.0417271316157,19.2451796126547,0,0.658633256773728,8.33904977010644,-0.0298440000503216
11.2002573738773,19.3671141515955,0,0.652376068984327,8.26678613645232,-0.0327278792245169
11.3595822947578,19.488008375135,0,0.645532826013919,8.19388524268924,-0.0357045520989579
11.5197663836876,19.6077617582233,0,0.638085752947901,8.12032992825744,-0.0387661804844581
11.680874060504,19.7262695619019,0,0.630026162802497,8.04610224878043,-0.0418297227736746
11.8429674484034,19.8434253663043,0,0.621355422864199,7.97118342307133,-0.0448776784376878
12.0061057558802,19.9591215442586,0,0.6120804289815,7.89555377854273,-0.047872262481139
12.1703442178115,20.0732504284732,0,0.602210643488868,7.81919269176978,-0.0508255947048616
12.3357342254036,20.1857038852977,0,0.591752997184565,7.74207852146903,-0.0537508706104153
12.5023234615913,20.2963728502301,0,0.580713491494317,7.66418853704782,-0.0566441883629456
12.6701556415318,20.4051474330767,0,0.569100319730172,7.58549884147238,-0.0594875311217274
12.8392699638202,20.5119175200862,0,0.556923078814682,7.50598428533898,-0.0622848798047755
13.0097010642989,20.6165726639404,0,0.544191112401105,7.42561837186642,-0.0650347860595331
13.1814788538486,20.719002167427,0,0.530914453167467,7.34437315379103,-0.0677318078560557
13.3546282837365,20.8190953201805,0,0.517105633232404,7.26221912074292,-0.0703563932528148
13.5291688567437,20.9167421502523,0,0.502781071856523,7.18053167072779,-0.0728892227557814
13.7051142053057,21.0118342110352,0,0.487958583245867,7.10347046724656,-0.0753356654453827
13.8824721884311,21.104264531889,0,0.472654354835415,7.0312196567206,-0.0777066208588222
14.0612450787035,21.1939273703087,0,0.456894541257896,6.96418226993083,-0.0798915162625283
14.2414276437539,21.2807223473464,0,0.440704625003121,6.90204188447003,-0.0820076471721697
14.4230093812639,21.364550467373,0,0.42411247956483,6.84553967009079,-0.0839138087619629
14.6059722513663,21.4453194393362,0,0.407154511438399,6.79437433342088,-0.0856658733521947
14.7902919429315,21.5229419391305,0,0.389864617012329,6.74885018014838,-0.0872330706827351
14.9759376890854,21.5973370041669,0,0.372281363200341,6.70918687628821,-0.0885994655702984
15.1628724253895,21.6684309130274,0,0.354450071768756,6.67570858226609,-0.0897134459319417
15.3510525594637,21.7361594248485,0,0.336418513792952,6.64791722201488,-0.0906021313802502
15.5404289572444,21.8004670847599,0,0.31823473691386,6.62530205349788,-0.091235636130467
15.7309471639257,21.8613086461961,0,0.299950944320542,6.62530205349788,-0.0916022889931216
15.9225479679581,21.9186498079435,0,0.281621443942746,6.62530205349788,-0.0916927141471577
16.1151680522151,21.9724678462225,0,0.26330216263739,6.62530205349788,-0.0915000983928055
16.3087407198748,22.02275212376,0,0.245050113399233,6.63552788000126,-0.0910203937096165
16.5031966794605,22.0695044611081,0,0.226922829438707,6.65957628222666,-0.0902524460230907
16.6984648709887,22.1127393594977,0,0.20897778045868,6.6906236316333,-0.0891980443831111
16.8944733134548,22.1524840690787,0,0.191271787246267,6.72862814110198,-0.0878618885145071
17.0911499530452,22.1887785012551,0,0.173860450714372,6.77355753105123,-0.0862514766292953
17.288423491551,22.2216749887069,0,0.156795006825411,6.82512889367676,-0.0844029617725503
17.486224320712,22.2512368698397,0,0.140128670126988,6.88371941947726,-0.082260405041996
17.684484832393,22.2775406776385,0,0.12391173127792,6.94896074754529,-0.0799089839261461
17.8831405208307,22.3006727173336,0,0.108186273829017,7.02071777989113,-0.077345592346308
18.082130397131,22.3207290975208,0,0.092994986294332,7.09896287706309,-0.0745672852380051
18.2813973848953,22.3378157425268,0,0.0783778888351245,7.18355138879996,-0.0716036921396191
18.48088876952,22.3520470929741,0,0.0643689133004964,7.27425980537794,-0.0684860665659982
18.6805565111849,22.3635447263278,0,0.0509985854893251,7.37093342310145,-0.0652172152020812
18.8803573777208,22.3724371071672,0,0.0382953668464762,7.47339088941849,-0.0618149749496374
19.0802530512155,22.3788587388666,0,0.0262841835583451,7.58142541730795,-0.0582968614175116
19.2802101484883,22.3829493317211,0,0.014983485963356,7.69470445063163,-0.054710118004447
19.4802001673206,22.3848517893632,0,0.00440700359396132,7.81294953612675,-0.051054709556365
19.6801993074207,22.384712096794,0,-0.00545827770269334,7.93515056225296,-0.0475981073174315
19.8801881633323,22.3826685221213,0,-0.0146528330788745,8.06048399133452,-0.0443474497113474
20.0801511207161,22.3788512501762,0,-0.0232185955185378,8.18825311047404,-0.0413101771474239
20.2800757959141,22.373382024074,0,-0.0311999397063686,8.31782903433491,-0.038503266766617
20.4799524963699,22.3663734223085,0,-0.0386388511425584,8.44876351685001,-0.035885849346013
20.6797738065175,22.3579304618492,0,-0.0455759653403552,8.58060087228326,-0.033485294131518
20.879534144603,22.3481494831455,0,-0.052052627664967,8.71297823979059,-0.0312813303883825
21.0792294256153,22.337118947744,0,-0.0581077941284385,8.84557471948346,-0.0292703352504677
21.2788567491661,22.3249195761793,0,-0.0637781135905635,8.97813478581211,-0.027432860170461
21.4784141672934,22.3116251219337,0,-0.0690991632087963,9.11040504965413,-0.0257776366655764
21.6779004207769,22.2973020232647,0,-0.0741059194594333,9.24118378040896,-0.0242899263631304
21.8773147622341,22.2820099943746,0,-0.0788320761167483,9.37013742882588,-0.0229716406224002
22.0766567616964,22.2658019536407,0,-0.0833082875661342,9.49734033480451,-0.0217904741918663
22.2759262478609,22.2487253168936,0,-0.0875649828442269,9.62286192482622,-0.0207764788623726
22.4751230685421,22.2308208051243,0,-0.0916316770875704,9.74676715488808,-0.0198904638078493
22.6742470981782,22.212124012679,0,-0.0955359923619291,9.86911690316783,-0.0191526891178185
22.8732980571332,22.1926646062829,0,-0.099305427120888,9.88033088439952,-0.0185416586176535
23.0722754923818,22.1724671877124,0,-0.102965047947015,9.8194164314074,-0.0180545497581713
23.2711787045329,22.1515514122505,0,-0.106539713267852,9.75812172968681,-0.0176921035473253
23.4700066664815,22.129931965555,0,-0.110053963596183,9.69643956859761,-0.0174503998222244
23.6687579662373,22.1076187262069,0,-0.113530942879315,9.63436250669411,-0.0173193930940424
23.8674307841191,22.0846171716421,0,-0.116992600199015,9.57188286123638,-0.0172971801937469
24.0660228404483,22.0609284602378,0,-0.120461229404432,9.50899269696611,-0.0173891119591478
24.2645313092504,22.0365492257775,0,-0.123958708618926,9.44568381442391,-0.017585680293718
24.4629528024182,22.0114719626225,0,-0.127505450357643,9.38194773759136,-0.0178817372029129
24.6612833376656,21.9856852376972,0,-0.131122078581724,9.31777570050855,-0.0182845451538321
24.8595182418926,21.9591734108073,0,-0.134829511534782,9.25315863322917,-0.018789784511606
25.0576521093451,21.9319168156041,0,-0.138647204949704,9.18808714697992,-0.0193871497902896
25.2556787936685,21.9038921782223,0,-0.142594982672389,9.12255151810231,-0.0200906275933897
25.4535912634856,21.8750720745549,0,-0.146694029227853,9.05654167103332,-0.0208998381352626
25.6513815258705,21.8454249591092,0,-0.150963659467925,8.99004716055125,-0.021796464469092
25.8490406548538,21.8149159045706,0,-0.155423285779892,8.92305715232997,-0.0227997989146364
26.0465585932452,21.7835058552192,0,-0.160093809156264,8.85556040213987,-0.0239054352024605
26.2439240822321,21.7511518210096,0,-0.164995798774271,8.78754523398646,-0.0251144614075399
26.4411245505252,21.7178068570424,0,-0.17015012317258,8.71899951655028,-0.0264287830714465
26.6381459877608,21.6834200142069,0,-0.175578069480037,8.64991063793414,-0.0278506805609102
26.8349728032601,21.6479362791283,0,-0.181301417892913,8.58026547858087,-0.0293828041854635
27.0315876685739,21.6112965043284,0,-0.18734251486221,8.51005038219703,-0.031028166179379
27.227971342145,21.5734373297476,0,-0.193724344275974,8.43925112449883,-0.0327901286701895
27.4241024743183,21.5342910970653,0,-0.200470787507153,8.36785287957702,-0.0346743043993452
27.6199573750312,21.4937856835373,0,-0.207606465723761,8.29584018375312,-0.0366824786529661
27.8155097899879,21.451844495017,0,-0.215156311163489,8.22319689658637,-0.0388159768990482
28.0107306615907,21.4083864865171,0,-0.223146388979044,8.14990615846896,-0.0410848028410894
28.2055877908682,21.3633258555789,0,-0.23160402150326,8.07595034485063,-0.0434915245268241
28.4000455320553,21.3165720409022,0,-0.240557271144366,8.0013110168324,-0.0460409745148671
28.5940644388305,21.2680296484753,0,-0.250035170625641,7.92596886742313,-0.0487380231545341
28.7876008776714,21.2175983949728,0,-0.260069472052847,7.84990366310539,-0.0516049942391941
28.9806064198132,21.1651723999761,0,-0.270685922193259,7.7730941816188,-0.0545595101485765
29.1730283096648,21.1106435403786,0,-0.281890593011328,7.69551814064438,-0.0574872003801918
29.3648104470039,21.053906005829,0,-0.293675849700377,7.61715211956345,-0.0603653691128618
29.5558935197508,20.9948572959667,0,-0.306023487581481,7.53797148112091,-0.0631110123177202
29.7462159562627,20.9334015001611,0,-0.318913576140514,7.45795028007377,-0.065789875933971
29.9357131980371,20.8694468754609,0,-0.332326847574276,7.37706116283283,-0.068342840942369
30.1243184903643,20.8029081874332,0,-0.346241898455537,7.29794836567961,-0.0708076705026747
30.3119625057219,20.7337053597654,0,-0.360632956342875,7.22414161781594,-0.0731029107233256
30.4985746135489,20.6617666010997,0,-0.375473735121086,7.15546026782003,-0.075304878684052
30.6840820339317,20.5870255858643,0,-0.390738449492607,7.0923183013638,-0.0773422667606393
30.8684110847968,20.5094241536498,0,-0.406392654620238,7.03473789684723,-0.0791997862971134
31.0514877707306,20.4289128535122,0,-0.42240271216241,6.98264236935843,-0.0809007914885761
31.2332377853289,20.3454500476613,0,-0.438734341292222,6.93627478989091,-0.0824155020891567
31.413587378468,20.259002944465,0,-0.455349152008176,6.89573120826274,-0.083732605751334
31.5924640042343,20.1695479049049,0,-0.472206578608669,6.86110642401423,-0.0848416585727777
31.7697970014347,20.0770706758038,0,-0.48926449874915,6.83250460347614,-0.0857375390811384
31.9455182135341,19.9815663930018,0,-0.506478375670855,6.81030297479752,-0.0864012253362163
32.1195629065846,19.883040030627,0,-0.523801899582091,6.79799376322084,-0.0868340090864596
32.2918703347928,19.7815060883252,0,-0.541188611395702,6.79799376322084,-0.0870331053990916
32.4623843810685,19.6769883920915,0,-0.558591223975969,6.79799376322084,-0.0869930180754752
32.6310542560394,19.5695199540439,0,-0.575961812142179,6.79799376322084,-0.0867128626487197
32.7978350988726,19.4591426422189,0,-0.59325247153188,6.81679651148228,-0.086193731737356
32.9626885176193,19.3459067605495,0,-0.610415712102492,6.8417623277394,-0.0854386756854553
33.1255830583663,19.2298705476662,0,-0.627404842708849,6.87289998424847,-0.0844526326115026
33.2864945945893,19.1110996054439,0,-0.644174336934266,6.91017233062243,-0.0832423108351292
33.4454066305337,18.9896662700514,0,-0.660682856455886,6.95323131234857,-0.0818428847691892
33.6023098420466,18.8656481023034,0,-0.67688676061271,7.00254743572775,-0.0801961573219618
33.7572038695045,18.7391293315227,0,-0.692742518103052,7.05787687553355,-0.0783614179223742
33.910096196355,18.6101985883961,0,-0.708218473542352,7.11869030751448,-0.0763981380885524
34.0610008193506,18.4789467785561,0,-0.723276063194867,7.18560582662599,-0.074177759565403
34.2099417975573,18.3454706666451,0,-0.737883195952203,7.25782435232011,-0.0718935693448709
34.3569483156621,18.2098667681983,0,-0.752010669402601,7.33580368100131,-0.0693811674422831
34.5020591537349,18.0722360141236,0,-0.765627005038848,7.41912345831103,-0.0667821909025419
34.6453189337059,17.9326793449532,0,-0.77871211761061,7.50764619440851,-0.0640689369599862
34.7867788373671,17.7912983974578,0,-0.79124125570088,7.60136576152184,-0.0612224455835373
34.926497124307,17.6481959036085,0,-0.803191843071893,7.70010778335334,-0.0582834296826178
35.0645379357958,17.5034744329258,0,-0.814546034600276,7.80371103411125,-0.0552584872737799
35.2009710097261,17.3572361626232,0,-0.825288566711719,7.91197125096668,-0.0521668356435333
35.3358710015602,17.2095823407371,0,-0.835402799179557,8.02481817317162,-0.0489754910356661
35.4693183302295,17.0606141877665,0,-0.844872916663863,8.14203714513143,-0.0457256859932874
35.6013978295454,16.9104318118193,0,-0.853688752428261,8.26337800340757,-0.0424326740407697
35.7321981220542,16.7591338883893,0,-0.861837978261253,8.3886901179155,-0.0390595865198413
35.8618125658405,16.6068187236058,0,-0.869308541962074,8.5176954465052,-0.0356460525059859
35.9903378907753,16.4535833259533,0,-0.876089532966673,8.65016111050128,-0.03216385938063
36.1178748831205,16.2995242721931,0,-0.882171315036628,8.78573137017952,-0.0286539629628298
36.2445269486594,16.1447368114848,0,-0.887543083147004,8.92127080745161,-0.0250637196052403
36.3704015540082,15.9893163772518,0,-0.892192476041955,9.05478164559221,-0.0214302106404295
36.4956088994957,15.8333578275183,0,-0.896109394122121,9.18635232871697,-0.0177389713154962
36.6202621768598,15.6769560157738,0,-0.899281791967967,9.3160650542791,-0.0139850080977057
36.7444775330821,15.5202061330876,0,-0.901698052848507,9.44399637382752,-0.0101776014542735
36.8683735806928,15.363203712075,0,-0.903358040977428,9.57021772131592,-0.00642228034848507
36.9920678732518,15.2060422691286,0,-0.904280188083525,9.53422602062782,-0.00279919096587109
37.1156741655792,15.0488115967773,0,-0.904490602559135,9.4710857780379,0.000695046169490641
37.2393023122551,14.891598109597,0,-0.904014170519958,9.40752176861279,0.00406927434187645
37.3630583613602,14.7344852969174,0,-0.902874061189477,9.34352534608595,0.00733181921243859
37.4870446521312,14.5775541368181,0,-0.901091833493554,9.27908756577453,0.0104904581126604
37.6113599121852,14.4208834735844,0,-0.898687547555022,9.21419916999333,0.0135524017310994
37.7360993508522,14.2645503607743,0,-0.895679805190587,9.1488505725314,0.0165250224374469
37.8613547688449,14.1086303904591,0,-0.892085604144068,9.08303184213918,0.0194169886084987
37.9872147168779,13.9531980398966,0,-0.88792165025782,9.01673268504233,0.0222225509061262
38.1137642140009,13.7983266405534,0,-0.883203600204717,8.94994242608085,0.0249579503746274
38.2410851570889,13.6440888860818,0,-0.877945398236855,8.88264998850927,0.0276240701743179
38.3692562563711,13.4905569439138,0,-0.872160515362467,8.81484387263942,0.0302247595518575
38.4983530679182,13.3378026299359,0,-0.865861704488665,8.74651213291065,0.0327633502596874
38.6284480136963,13.1858975598011,0,-0.859061101989528,8.67764235333598,0.0352426758754903
38.7596103893848,13.0349132778033,0,-0.851770325261147,8.60822162117784,0.0376650926184174
38.8919063603882,12.8849213641058,0,-0.844000565974703,8.53823649868881,0.0400325015414418
39.0253989466791,12.7359935210144,0,-0.835762678761293,8.46767299273592,0.0423463720170004
39.1601479972953,12.5882016388987,0,-0.82706726507255,8.39651652210584,0.044607766461239
39.2962101554849,12.4416178423086,0,-0.817924751960394,8.32475188226618,0.0468173663723446
39.4336388156467,12.296314516804,0,-0.808345465514244,8.25236320733367,0.048975499662039
39.5724840733525,12.1523643170058,0,-0.798338293434609,8.17933392897154,0.0510962224947783
39.712793068391,12.0098405528237,0,-0.787913419426251,8.1056467329854,0.053152519000555
39.8546091541787,11.8688164208133,0,-0.777083491497113,8.03128351137041,0.0551467617483947
39.9979719352453,11.7293650250566,0,-0.765856558367903,7.95622530842497,0.0571225712677516
40.1429184373466,11.5915605946762,0,-0.754242617351471,7.88045226594786,0.059016840750326
40.2894813066583,11.4554766314872,0,-0.742253657711016,7.80394356209943,0.0608727576086162
40.4376899794024,11.321187096469,0,-0.729900200672745,7.72883288679128,0.0626618145249087
40.587569880191,11.1887655113524,0,-0.717191375109433,7.65683842798855,0.0644264430126703
40.7391435256291,11.0582861598993,0,-0.70413998920804,7.58814215081567,0.0660874181617781
40.8924284320513,10.9298216178138,0,-0.690759227262516,7.52238171297934,0.0677202033667597
41.0474391004627,10.8034449363993,0,-0.677057943850875,7.45971918521974,0.069292632330224
41.2041861686851,10.6792285836254,0,-0.663048230168937,7.4001119466623,0.0708045046551756
41.3626764237356,10.5572443322008,0,-0.648743020812564,7.3435238938454,0.0722475878535113
41.5229126314392,10.4375628837262,0,-0.634154844683837,7.28984491913154,0.0736341722311852
41.6848938735517,10.3202541399853,0,-0.619296468311912,7.23908371777375,0.074949591422526
41.8486152447316,10.2053866090711,0,-0.604181531142787,7.19110582178286,0.0761997818835432
42.0140680585384,10.0930274634634,0,-0.588823272461644,7.14581813552066,0.0773828071198771
42.1812398736495,9.98324234374893,0,-0.573230971315671,7.10308117313796,0.078540206903484
42.3501154550805,9.87609663243261,0,-0.557420179031287,7.06338093765578,0.0795677179458278
42.5206746024608,9.77165181211353,0,-0.54140402138822,7.02572096333177,0.0805938607808544
42.6928949974837,9.66996967133646,0,-0.525194639367341,6.99093211606707,0.0814999619393738
42.8667498167503,9.57110812905221,0,-0.508804870432062,6.9579630494697,0.082397729004848
43.0422101108901,9.47512495011992,0,-0.492244002062198,6.9276045702274,0.0832109563089559
43.2192433642514,9.3820749927773,0,-0.475527096097244,6.89938374101878,0.0839581048939123
43.3978140077947,9.29201070822951,0,-0.458664954613057,6.87289457782696,0.084663312363908
43.5778839734517,9.20498288321031,0,-0.441667188363933,6.84813800098979,0.0853143522742696
43.7594125695582,9.12104010168381,0,-0.424541621718815,6.82463710889516,0.0859413158486611
43.9423570801974,9.04022974090054,0,-0.407298493954606,6.80264203845356,0.0864899637987884
44.1266719758627,8.96259589855327,0,-0.3899487285846,6.78000685941002,0.087007692026628
44.3123098195533,8.88818102149748,0,-0.372492395298892,6.75675233661438,0.0875556445819002
44.4992221956959,8.81702812620581,0,-0.354925735392103,6.73266806856631,0.0881109599180251
44.6873593180941,8.74917992734476,0,-0.337237685808994,6.70453892985738,0.0887695419263897
44.8766712580414,8.68468242842406,0,-0.319408721701628,6.67214035434918,0.0895201067446808
45.0671075145842,8.62358454485308,0,-0.301421549415967,6.63677161804143,0.090351624188055
45.2586166275116,8.56593770923991,0,-0.283259846796141,6.59846831603867,0.0912654084872996
45.4511459598053,8.51179592862383,0,-0.264901084819517,6.55721670316345,0.0923222173824331
45.6446420501702,8.46121813881563,0,-0.246329636066624,6.51388131887781,0.0933922757991501
45.8390489745233,8.4142631871057,0,-0.227527597356316,6.46751401898677,0.0946281158515623
46.0343096089328,8.37099571304126,0,-0.208469173687098,6.41899953633443,0.095956125531402
46.2303645067468,8.33148328440802,0,-0.189135745638148,6.36837259706838,0.0973781596818655
46.4271516057703,8.29579641864121,0,-0.169508325199926,6.31562723300257,0.0988960504664444
46.6246059200496,8.26400858963602,0,-0.149561269400529,6.26070317412378,0.100574515964729
46.8226595414667,8.2361987137645,0,-0.129271272697535,6.20418183267403,0.10232546161289
47.0212406550877,8.21244757907532,0,-0.108615935139763,6.14574675653761,0.10422792584269
47.2202735596956,8.1928408574654,0,-0.0875693046807692,6.08576536566262,0.106238390664149
47.4196779603898,8.17746724133639,0,-0.0661031304268069,6.0241732488834,0.108423363883091
47.6193686655668,8.16642092869761,0,-0.0441924739591074,5.96148583850993,0.11068321379878
47.8192547752606,8.15979744896647,0,-0.021811365493887,5.89729982088661,0.113127885635798
48.0192393828423,8.15769781899081,0,0.0010705937879963,5.83208752860954,0.115691722549041
48.2192188366156,8.16022564816958,0,0.0244852132462065,5.76575434772963,0.118454487345139
48.4190820709556,8.16749000944226,0,0.0484608824433692,5.69886636698017,0.121302221387959
48.6187100276896,8.17960051320581,0,0.0730252536505381,5.63101831268682,0.124341507511746
48.8179748692952,8.19667114696807,0,0.0982159209528836,5.56259341323841,0.127565185911196
49.0167391081222,8.21881949397496,0,0.124061874857577,5.49398880727774,0.13089437534492
49.2148551866836,8.24616303982194,0,0.150593832785414,5.42492669188539,0.134425228862057
49.4121643077022,8.27882236941608,0,0.177845655497501,5.35587976187668,0.138093025002734
49.6084959546724,8.31691788813126,0,0.205848932135665,5.28683466962705,0.141939763526
49.8036668359632,8.36057068360382,0,0.234637315494157,5.21814566708572,0.145944090935907
49.9974802033835,8.40990078488101,0,0.264236407406883,5.1501091056857,0.150046849190223
50.1897257542728,8.46502390183062,0,0.294674201586019,5.08250375838545,0.15433111867308
50.3801781360591,8.52605357761438,0,0.32597719626549,5.01589141918645,0.158698855376872
50.5685974133672,8.59309625895201,0,0.358170127982943,4.95004728323295,0.163230490404719
50.7547275397888,8.66625309782372,0,0.391269161137641,4.88561319088932,0.167759874188235
50.9382983316141,8.74561241577113,0,0.425284277203713,4.82147323365857,0.172391320495893
51.1190239166532,8.83125229028458,0,0.460229156947494,4.75849616470177,0.17705751656992
51.2966037108236,8.92323664969922,0,0.496101839439964,4.69825642152295,0.181669346872886
51.4707243995804,9.02161076322706,0,0.532893994825005,4.64088719446685,0.186252244163861
51.6410601866511,9.12640091160153,0,0.570591464933454,4.58692981035899,0.190722491544806
51.8072754078968,9.23761032144068,0,0.609168113184408,4.5368183811093,0.19504401197474
51.9690266985856,9.35521702329606,0,0.648589850615494,4.49078430959426,0.199173370457701
52.1259656726419,9.47917170707888,0,0.688804604550498,4.44923931714724,0.202974167913021
52.2777444321642,9.60939310419596,0,0.729741833049625,4.41244931323151,0.206398110236144
52.4240196060782,9.7457668554492,0,0.771326512002636,4.38058414365906,0.209448665572098
52.5644552030855,9.88814633753844,0,0.813474209239324,4.35382659955343,0.212028283355844
52.6987284408429,10.036351054904,0,0.856089830451324,4.33215797188803,0.214127891114545
52.826533383725,10.1901682536826,0,0.899080293801312,4.31544462352319,0.215776701021423
52.9475832402916,10.3493558371187,0,0.942350731546528,4.30154583111303,0.21692764218483
53.0616148358772,10.5136436713516,0,0.985802431966311,4.29343880524543,0.217589336882524
53.1683912340867,10.6827367503829,0,1.02934354721421,4.29343880524543,0.217821794085989
53.2677022289188,10.8563195804177,0,1.07289226215158,4.29343880524543,0.217665340284019
53.3593649535422,11.0340599510948,0,1.11636382538385,4.29343880524543,0.217050280648744
53.4432280710285,11.2156108019113,0,1.15968342402348,4.30759151233579,0.216145693635292
53.5191670614631,11.4006163964392,0,1.20279585462311,4.31862085368159,0.214978605808044
53.5870839387787,11.5887152427287,0,1.24564637327641,4.3320959036824,0.213526574899476
53.6469085774982,11.779542322211,0,1.2881905577418,4.34748462803965,0.211915271020054
53.6985941398288,11.9727330521487,0,1.33040010244885,4.36437443126812,0.210180186112419
53.7421155187301,12.167925386464,0,1.37225748352957,4.3822742430007,0.208393638701092
53.7774661344375,12.3647618510123,0,1.41375225920564,4.40063396968401,0.206554138748761
53.8046574585709,12.5628905672674,0,1.4548814113325,4.41905946875309,0.204737408288229
53.8237154088984,12.7619665531391,0,1.49565646073321,4.43705209750193,0.203013115072685
53.8346768791368,12.9616522941025,0,1.53609668398288,4.45421863274231,0.201389145249669
53.8375887287366,13.1616176774759,0,1.57622278300623,4.47019515500203,0.199871868413003
53.8325068854147,13.361539870458,0,1.61606497728347,4.48448575555543,0.198550097027974
53.8194922097252,13.5611028773285,0,1.65566155569192,4.49692884614858,0.197415718360585
53.7986103361231,13.7599967544701,0,1.69504738580991,4.50721457837115,0.196442613234051
53.7699323252951,13.9579170485384,0,1.73426921000754,4.5150768391751,0.195775662178801
53.7335286649713,14.1545631208585,0,1.77337420383953,4.5203277701147,0.195274313445363
53.6894747228992,14.3496379005677,0,1.81240527204717,4.5229955357587,0.195036406350397
53.6378468821139,14.5428463131861,0,1.85141324204387,4.52279057689809,0.195043330071706
53.5787234280675,14.7338943152946,0,1.89045134078421,4.51996599015558,0.195337693625129
53.5121832281673,14.9224872710719,0,1.92956389080624,4.51419916999083,0.19578783896163
53.4383111131667,15.1083306927777,0,1.96879942993131,4.50509300123401,0.196567588898396
53.3571918468062,15.291126989894,0,2.00820615436957,4.49258415114763,0.197499704265353
53.2689173568426,15.4705771943069,0,2.04783660410072,4.47711065645574,0.198804867835701
53.1735795007575,15.6463764309028,0,2.08778158041791,4.45970598667666,0.200644982697948
53.0712657869698,15.8182091140115,0,2.12812710440763,4.44190480185016,0.20281030611154
52.962068410796,15.9857513008767,0,2.16891169776105,4.42550389416751,0.205035642208195
52.8460944985799,16.1486757941914,0,2.21009376973099,4.40746500732165,0.206785061501354
52.7234837412192,16.3066658303117,0,2.25156171444858,4.40746500732165,0.207894343266726
52.5944118560544,16.4594227050889,0,2.29314870254148,4.40746500732165,0.207975478034048
52.4590994564187,16.6066802988577,0,2.33462605553752,4.40746500732165,0.206797973051631
52.3178138136736,16.7482172723474,0,2.37572303674781,4.44848423175541,0.204171746803686
52.1708676433701,16.8838688697474,0,2.41614815004334,4.49299999815226,0.200079288753471
52.0186118361,17.0135336960978,0,2.455608941311,4.55188552630013,0.194528543589917
51.8614271805788,17.1371787745452,0,2.49381871884956,4.62409664767033,0.187569180381132
51.6997150481131,17.2548421924599,0,2.53052730520996,4.70849004603646,0.17951667762763
51.5338826837317,17.3666255951073,0,2.56553107244077,4.804659959768,0.170521031113002
51.3643343047274,17.472690075329,0,2.59867196589238,4.91165310269524,0.160887958344945
51.1914604559073,17.5732454734305,0,2.62985495582305,5.02822793935623,0.150942010162431
51.0156293352292,17.6685375468903,0,2.65902218607232,5.15386434539785,0.140730366521402
50.8371852735016,17.7588440010315,0,2.68616382792588,5.2871049209392,0.13068612890682
50.6564412804133,17.8444564829392,0,2.71131791114338,5.42702961875848,0.120854781752816
50.4736802375861,17.9256759441801,0,2.73453945389675,5.57273402477509,0.111360712072465
50.2891550996269,18.0028053866352,0,2.75591665658231,5.72306307565096,0.102411370913366
50.1030884324666,18.0761396408832,0,2.77554480758142,5.87745865301453,0.0938701850861723
49.9156773785152,18.1459681326104,0,2.79352538760879,6.03499337838221,0.0859356518046502
49.7270934936797,18.2125655593252,0,2.80997699050825,6.19493720603254,0.0785804077973764
49.5374859364315,18.2761912028262,0,2.82500692462296,6.35680487198038,0.0717189568684926
49.3469849850199,18.3370907983836,0,2.83872309746828,6.51994930341814,0.0654427901320988
49.1557030338769,18.3954919430544,0,2.85123146821514,6.68396942075324,0.0596409322801253
48.9637378754022,18.4516074024336,0,2.86263144187982,6.8483816011171,0.0543588162154358
48.7711738225897,18.5056326366232,0,2.8730155932458,7.01290737835073,0.0494827068254721
48.5780843981943,18.557749577991,0,2.88246976590023,7.17717829157677,0.0450590270738432
48.3845330290043,18.6081243746581,0,2.89107564118358,7.34096564525674,0.0409997316605995
48.190574998186,18.6569104105782,0,2.89890503038668,7.50265089521182,0.0372941647732071
47.9962583926838,18.7042484233841,0,2.90602712462715,7.66092457698981,0.0339267809952959
47.8016249860007,18.7502668661362,0,2.91250287979249,7.81599393400705,0.0308307731302282
47.6067114652543,18.7950843155859,0,2.91838804840747,7.96804604070406,0.0280209148765733
47.4115497922161,18.8388087469734,0,2.92373342712843,8.11725044842617,0.025432873714873
47.2161681958311,18.8815399216335,0,2.92858750809451,8.26376140067514,0.023107936986775
47.0205911669641,18.9233676772925,0,2.93299145943446,8.4077196996691,0.0209315772093481
46.8248407206901,18.964376327455,0,2.93698128654843,8.54925429182816,0.0189666945322153
46.6289360995649,19.0046421414835,0,2.94059624025142,8.68848362126955,0.0171828429968255
46.4328942398252,19.0442344833332,0,2.94386597497331,8.82551678748447,0.0155145045912611
46.2367304571424,19.0832183402323,0,2.94681800538368,8.96045454696493,0.0140057997946073
46.0404582307232,19.1216525614115,0,2.94948055852808,9.09339018050254,0.0126197318744754
45.8440896124458,19.1595912822898,0,2.95187660042643,9.22441024664677,0.0113406872628706
45.6476354397739,19.1970845167287,0,2.95402861687217,9.35359524119511,0.0101794772967345
45.4511053343582,19.2341777150238,0,2.95595649950229,9.48102017543165,0.00909934907712623
45.2545080436753,19.2709131939984,0,2.95767618527722,9.6067550853825,0.00809750872322063
45.0578515126054,19.3073302362192,0,2.95920605161886,9.73086548236175,0.00720115473960681
44.8611427323791,19.343464010715,0,2.96056119923619,9.85341275153652,0.00635032147077724
44.6643882152971,19.3793479239395,0,2.96175390219938,9.97445450682674,0.00557670818335368
44.4675937949867,19.4150123668913,0,2.96279848031209,10.0940449077388,0.00486907295756775
44.270764735229,19.450485152083,0,2.96370541458949,10.2122349423169,0.00420026982589748
44.0739059441156,19.4857925780605,0,2.96448545485924,10.3290726813259,0.00360013288114745
43.8770217803477,19.5209582515869,0,2.96514860357791,10.4446035067027,0.00303135431587235
43.6801163317784,19.5560045537153,0,2.96570293100405,10.5588703174772,0.00251191994836654
43.4831933005146,19.5909519294297,0,2.96615752246273,10.6719137159483,0.0020339946448438
43.2862560683675,19.625819194287,0,2.96651946297818,10.7837721761718,0.00158541050012114
43.0893077898914,19.6606240121992,0,2.96679552522708,10.8944821969617,0.00117521195913134
42.892351335938,19.69538253801,0,2.96699230747273,11,0.000792610497060157
42.6953893742716,19.7301098414683,0,2.96711555666275,11,0.000439881395023062
42.4984243580879,19.7648198168286,0,2.96717077478148,11,0.000112299702477853
42.3014585623454,19.7995253683591,0,2.96718200475873,11,0.000112299702477853
