10,895,895,39.7932,-86.2389,0.266973
-21.1119440040632,-9.74560171302664,0,-1.09580184101497,10,-0.00726593468899478
-21.0204773033,-9.92346074632069,0,-1.09652843448054,10,-0.00726593468899478
-20.9292691620049,-10.1014525088967,0,-1.09800172549009,10,-0.00746697542060912
-20.8383269346781,-10.2795802820709,0,-1.09951524578383,10,-0.00766822752951858
-20.7476579994178,-10.4578473181294,0,-1.10106899725621,10,-0.00786928720292484
-20.6572697437413,-10.6362568323267,0,-1.10266289859534,10,-0.00806972620325998
-20.5671695494658,-10.8148119945697,0,-1.10429678042822,10,-0.00826909214416399
-20.4773647766508,-10.9935159208065,0,-1.10597267207105,10,-0.00848982431522981
-20.3878635666589,-11.1723720736608,0,-1.10769170786062,10,-0.00870053361232415
-20.2986737212865,-11.3513836963453,0,-1.10945501657401,10,-0.00893255355047841
-20.2098038248761,-11.530554370638,0,-1.11126232813613,10,-0.00914056210113771
-20.1212616216291,-11.7098872081694,0,-1.11311315478966,10,-0.00936770447476872
-20.0330555616003,-11.8893856170527,0,-1.11500894991179,10,-0.00959024678398694
-19.9451939509082,-12.0690528782283,0,-1.11695209880731,10,-0.00984124220351366
-19.857686140662,-12.2488927233578,0,-1.11893978863677,10,-0.010035656110463
-19.7705394692796,-12.4289078443888,0,-1.12097299266504,10,-0.0102963841933213
-19.6837636840519,-12.6091020413363,0,-1.12305275934851,10,-0.0105012826795442
-19.5973665448147,-12.7894780903759,0,-1.12517588663156,10,-0.0107299901985165
-19.5113566915599,-12.970039130571,0,-1.12734361644333,10,-0.0109473079707337
-19.4257423761634,-13.1507880519269,0,-1.12955633602653,10,-0.0111798879062988
-19.3405324256608,-13.3317279515405,0,-1.13181083668504,10,-0.0113651187077372
-19.2557339762475,-13.5128610664518,0,-1.13410639666864,10,-0.0115904811562372
-19.1713556389178,-13.6941902641256,0,-1.13644183256949,10,-0.0117638778921663
-19.0874041623813,-13.8757174814297,0,-1.13881270936742,10,-0.0119448901254835
-19.003886590056,-14.0574447376209,0,-1.14121871946301,10,-0.0121152108711521
-18.920809595732,-14.239373825744,0,-1.14365703738151,10,-0.0122679683514303
-18.8381792316025,-14.4215062020925,0,-1.14612279473929,10,-0.0123896052687698
-18.756000430846,-14.6038427694703,0,-1.14861194922098,10,-0.0125019395943396
-18.6742777989497,-14.7863842448704,0,-1.15112153870725,10,-0.0125939553243228
-18.5930152098792,-14.9691309827002,0,-1.15364621650948,10,-0.0126528227511804
-18.5122153331272,-15.1520827749431,0,-1.15617925619468,10,-0.012677574132166
-18.4318795925022,-15.3352388483537,0,-1.15871776814266,10,-0.0127075453712476
-18.3520096035976,-15.5185985041601,0,-1.16125407828117,10,-0.0126555560394197
-18.2726039737363,-15.7021597321901,0,-1.16377971384781,10,-0.0126007996578709
-18.1936611989245,-15.8859204926106,0,-1.16629019924091,10,-0.0125040543259549
-18.1151782210079,-16.0698781000565,0,-1.16877710202647,10,-0.0123649735736699
-18.0371504082446,-16.2540292341055,0,-1.17123375987435,10,-0.0122016049414081
-17.959572214619,-16.4383702340401,0,-1.1736516853216,10,-0.0119776495500938
-17.8824358367838,-16.6228965475703,0,-1.17602365583645,10,-0.0117420556119931
-17.8057330140848,-16.8076035019956,0,-1.17834205951708,10,-0.0114419812131179
-17.7294530737346,-16.9924855010713,0,-1.18059807697716,10,-0.011118193408318
-17.6535844314236,-17.1775366643227,0,-1.18278548104442,10,-0.0107558472884282
-17.5781140396841,-17.3627506082241,0,-1.18489750342983,10,-0.010364376586229
-17.5030277341211,-17.5481205975317,0,-1.18692776462667,10,-0.00993823539764437
-17.4283100256939,-17.7336394682811,0,-1.18886911891616,10,-0.00947530750847961
-17.3539440197723,-17.919299603268,0,-1.19071768825171,10,-0.00901038585990258
-17.2799127072113,-18.1050934527619,0,-1.19246882401173,10,-0.0085009717563408
-17.206197386126,-18.2910129038658,0,-1.19411771868002,10,-0.00798797494043386
-17.1327791819106,-18.4770498875689,0,-1.1956633494355,10,-0.00746833262936542
-17.0596389357245,-18.6631963285158,0,-1.19710334750567,10,-0.00693164808852028
-16.9867568191871,-18.8494439892833,0,-1.19843616774119,10,-0.00639655427869823
-16.9141130300614,-19.0357847385975,0,-1.19966232073722,10,-0.00586497569458107
-16.8416878669027,-19.2222105724436,0,-1.20078282667817,10,-0.00534008372863674
-16.7694618502503,-19.4087136529792,0,-1.20179945045257,10,-0.00482615402191373
-16.6974158851402,-19.5952863629379,0,-1.20271477539152,10,-0.00432709537250039
-16.6255314100573,-19.7819213543088,0,-1.20353212614387,10,-0.003846412160053
-16.5537905308131,-19.9686115910516,0,-1.20425548523593,10,-0.00338717876369782
-16.4821761382959,-20.1553503857443,0,-1.20488940567255,9.99999946195929,-0.00295202559982239
-16.4106720094933,-20.3421314301786,0,-1.20543897810049,9.95991913868925,-0.00254369867729552
-16.3392629126381,-20.5289488280624,0,-1.20590962773461,9.91967687258869,-0.00216279766739163
-16.2679346319201,-20.7157970976435,0,-1.20630695997901,9.87927068471222,-0.00181052478178369
-16.1966740144177,-20.9026711836751,0,-1.20663692620532,9.83869855547189,-0.00148913748499352
-16.1254690562073,-21.0895664850753,0,-1.20690569313094,9.7979584234601,-0.00119853176051364
-16.054308899954,-21.2764788495963,0,-1.20711954107896,9.7570481842289,-0.000939947696337386
-15.9831838824727,-21.4634045883234,0,-1.20728450522289,9.7159656890224,-0.000709693766938955
-15.9120853976771,-21.6503404206576,0,-1.20740665777634,9.67470874345854,-0.000511831808110612
-15.8410060491721,-21.8372835301648,0,-1.20749214714164,9.63327510616158,-0.000343061884467218
-15.7699395274317,-22.0242315161877,0,-1.20754681837004,9.59166248734228,-0.000203650414451975
-15.6988806201517,-22.2111823966173,0,-1.20757641085358,9.5498685473213,-9.22745307965216e-05
-15.6278251630378,-22.3981345884046,0,-1.20758646600057,9.50789089499452,-8.27785993358276e-06
-15.5567700154069,-22.5850868978181,0,-1.20758232948636,9.46572708623699,4.9641893989507e-05
-15.485713011635,-22.7720385017542,0,-1.20756912497653,9.42337462224268,8.2402882479827e-05
-15.4146529268027,-22.9589889346034,0,-1.2075517644387,9.3808309477966,9.1202654168065e-05
-15.3435894319131,-23.1459380712504,0,-1.20753493350203,9.33809344947613,7.71069941440132e-05
-15.2725230540187,-23.3328861119794,0,-1.20752310567229,9.29515945377777,4.11711829989361e-05
-15.2014551367431,-23.5198335675226,0,-1.20752054588882,9.25202622516575,-1.55736740033175e-05
-15.1303878017564,-23.7067812444205,0,-1.20753132382694,9.20869096403817,-9.22056835709586e-05
-15.0593239143157,-23.8937302318457,0,-1.20755934313581,9.16515080460673,-0.000187987347039975
-14.9882670557366,-24.0806818909478,0,-1.20760829945945,9.12140281268522,-0.000301576016156223
-14.9172214733204,-24.2676378354943,0,-1.20768175247107,9.07744398338213,-0.000432954180950262
-14.8461920798561,-24.4545999311983,0,-1.20778318168561,9.03327123869206,-0.000581337976480019
-14.7751844245268,-24.641570283998,0,-1.20791585244719,8.98888142498092,-0.000745369622882823
-14.704204642422,-24.8285512200296,0,-1.20808300290407,8.94427131035827,-0.00092613493275859
-14.6332594954911,-25.0155453001155,0,-1.20828784347208,8.89943758193157,-0.00112227074473546
-14.5623563219992,-25.2025552992791,0,-1.2085333357702,8.85437684293546,-0.00133265221929785
-14.4915029949526,-25.3895841894722,0,-1.20882263093997,8.80908560972748,-0.00156029948118962
-14.4207080356562,-25.5766351808138,0,-1.20915892421001,8.76356030864574,-0.00180263323579154
-14.3499805179335,-25.763711683183,0,-1.20954508303349,8.71779727272045,-0.00205895499502001
-14.2793300427572,-25.9508172942965,0,-1.20998418924405,8.67179273822455,-0.00233210710128157
-14.2087668454833,-26.1379558375384,0,-1.21047953619456,8.62554284106003,-0.00262136240573846
-14.1383017696739,-26.3251313489161,0,-1.2110343959253,8.57904361297218,-0.00292723490920776
-14.0679462874866,-26.5123480812099,0,-1.21165215742011,8.53229097757647,-0.00325038004419082
-13.997712525513,-26.6996105096859,0,-1.21233608052244,8.48528074618841,-0.00358885097672877
-13.9276131932936,-26.886923300862,0,-1.21308790898147,8.43800861343943,-0.0039294336159466
-13.8576610896485,-27.074291123502,0,-1.21390739521677,8.39047015266878,-0.00426542874293238
-13.7878688525854,-27.2617185522171,0,-1.21479368427164,8.34266081109233,-0.00459746180356287
-13.7182489834405,-27.4492100741777,0,-1.21574606845887,8.29457590471429,-0.00492638006655964
-13.648813879329,-27.6367700989054,0,-1.21676400451098,8.2462106129712,-0.00525298045595332
-13.5795758637225,-27.8244029672938,0,-1.21784710402852,8.19755997309144,-0.00557801472104296
-13.5105472153528,-28.0121129599135,0,-1.21899513406318,8.14861887415164,-0.00590228562412001
-13.44174019906,-28.1999043059017,0,-1.22020805552719,8.09938205081033,-0.00622692901409074
-13.3731671092041,-28.3877811962528,0,-1.22148587238752,8.04984407670018,-0.006551239592015
-13.3048402439361,-28.5757477717028,0,-1.22282869300644,7.99999935744668,-0.00687696660400881
-13.2367719717085,-28.7638081442054,0,-1.2242368267772,7.94984212329081,-0.00720437110967721
-13.1689747419423,-28.9519663977391,0,-1.22571066525077,7.89936642129484,-0.00753401363172497
-13.1014611069873,-29.1402265930544,0,-1.22725070988253,7.84856610709437,-0.00786643269969807
-13.0342437433076,-29.3285927719138,0,-1.22885756782838,7.79743483616562,-0.0082021467760299
-12.9673354719691,-29.5170689608398,0,-1.23053194810264,7.74596605457276,-0.00854165598319593
-12.9007492784925,-29.7056591743802,0,-1.23227484219772,7.69415298915638,-0.00888728498183038
-12.8344984016531,-29.8943674422345,0,-1.23408810136793,7.6419886371388,-0.00924530673560182
-12.7685965717703,-30.0831978872494,0,-1.23597170151335,7.58946575515659,-0.00959069473751671
-12.7030570667399,-30.2721543913437,0,-1.23792591006398,7.53657684742234,-0.0099513907834925
-12.6378937680054,-30.4612409608186,0,-1.23995475810763,7.48331415313599,-0.0103370896771951
-12.57312153006,-30.6504618434131,0,-1.24205772801156,7.42966963345896,-0.0106926093844268
-12.5087540938029,-30.8398208074534,0,-1.24423674772847,7.37563495715555,-0.0110975878099828
-12.4448071022213,-31.0293221668617,0,-1.24649370056923,7.32120148552924,-0.0114719406287818
-12.3812950692116,-31.2189697436753,0,-1.24883020113862,7.26636025630664,-0.0118930650937679
-12.3182343146364,-31.4087678514042,0,-1.25124913633605,7.21110196639752,-0.0122962869233026
-12.2556405138435,-31.5987204641342,0,-1.25375063031387,7.15541695360763,-0.0127186529049321
-12.1935301044541,-31.7888316803957,0,-1.25633809283172,7.09929517663172,-0.0131559723352898
-12.1319201302203,-31.979105659387,0,-1.25901413906358,7.04272619408732,-0.0136044900438138
-12.0708281007211,-32.1695465644807,0,-1.2617810471366,6.98569914188059,-0.0140645907450796
-12.0102720082279,-32.3601585585779,0,-1.26464117018452,6.92820270882381,-0.0145366398025607
-11.950270343912,-32.5509457986507,0,-1.26759693226128,6.8702251104022,-0.015020981052823
-11.8908421133064,-32.7419124294352,0,-1.27065082378673,6.81175406051481,-0.0155179342823112
-11.8320068509162,-32.9330625762362,0,-1.27380832153812,6.75277674099437,-0.0160570433159209
-11.773785753748,-33.1244006756759,0,-1.27707012409117,6.69327976923031,-0.0165609822784281
-11.7161987258768,-33.3159305591994,0,-1.28044048414868,6.63324916225617,-0.0171426183670269
-11.6592687017373,-33.5076567490085,0,-1.28392373622008,6.57267029855447,-0.0176899024665601
-11.6030173580934,-33.6995831486397,0,-1.28752105206384,6.51152787662994,-0.0182832561151232
-11.5474681988839,-33.8917139492139,0,-1.29123873760388,6.44980586932251,-0.0188935994808393
-11.4926454451395,-34.0840532748309,0,-1.29508020160785,6.38748747528153,-0.0195210407749817
-11.4385740423541,-34.2766051653292,0,-1.29904886737469,6.32455506542097,-0.0201656171057501
-11.3852796650726,-34.4693735574936,0,-1.30315019327816,6.26099012448249,-0.0208476421436339
-11.3327895044723,-34.6623624767507,0,-1.30738824367753,6.19677318769286,-0.0215328620432125
-11.281130951408,-34.8555756486316,0,-1.31176778251283,6.13188377097768,-0.0222625265278528
-11.2303331930496,-35.0490169037964,0,-1.31629349621605,6.06630029476288,-0.0229946107813493
-11.1804255930251,-35.242689715734,0,-1.32096964224937,6,-0.0237668498926346
-11.1314391549241,-35.4365975560294,0,-1.32580215252207,6,-0.0245582532132429
-11.0834057145421,-35.630743648132,0,-1.33079648784353,6,-0.0253851003649791
-11.0363585758365,-35.8251310903281,0,-1.3359579882499,6,-0.0262299040274334
-10.9903318360639,-36.0197626503965,0,-1.34129171003503,6,-0.0271073141935414
-10.9453609590146,-36.2146408650831,0,-1.34680260516876,6,-0.0280016375969586
-10.9014821671512,-36.4097678569457,0,-1.35249576897952,6,-0.0289300010291717
-10.8587331120954,-36.6051454464251,0,-1.35837762036676,6,-0.0298885133716884
-10.8171527269019,-36.8007750664137,0,-1.36445337073053,6,-0.0308689907379413
-10.7767809083402,-36.9966576455439,0,-1.37072747514596,6,-0.0318720539278532
-10.7376585418843,-37.1927935681316,0,-1.3772037356965,6,-0.0328905521500534
-10.69982722065,-37.389182574044,0,-1.38388632401831,6,-0.0339353316174825
-10.6633296698909,-37.5858237959293,0,-1.39078128107288,6,-0.0350142394943199
-10.6282100557647,-37.7827157561881,0,-1.39788938223535,6,-0.0360667727908759
-10.5945115990947,-37.9798558952592,0,-1.4052111879018,6,-0.0371512846646725
-10.5622788653697,-38.1772409517651,0,-1.41274857113458,6,-0.0382225484213045
-10.5315559746994,-38.3748666163149,0,-1.4205032392399,6,-0.0393241332853217
-10.5023883138447,-38.572727768949,0,-1.42847062446842,6,-0.0403497196612999
-10.4748183179054,-38.7708178282359,0,-1.43664353548664,6,-0.0413793911143606
-10.4488886200819,-38.9691292404481,0,-1.44501941795367,6,-0.0423794343433992
-10.4246407019043,-39.1676532769082,0,-1.45358619973459,6,-0.0432883841500422
-10.4021124308984,-39.3663797750971,0,-1.46233002995198,6,-0.0441499186746756
-10.3813397695301,-39.5652974241758,0,-1.47123369988462,6,-0.0448867810449165
-10.3623536776679,-39.764393519233,0,-1.48027687736193,6,-0.0455449937477363
-10.3451819158805,-39.9636542800781,0,-1.48943153707053,6,-0.0460016029022231
-10.3298441188022,-40.1630645789338,0,-1.49866473733797,6,-0.0463303991410088
-10.3163547059489,-40.3626084294544,0,-1.50793734385675,6,-0.0463956655490642
-10.3047174412211,-40.5622688572185,0,-1.51720196715374,6,-0.0462505669563625
-10.2949275291512,-40.7620283968283,0,-1.5264061179148,6,-0.0457909400820887
-10.2869674366875,-40.9618692355449,0,-1.53549326936181,6,-0.0450805739357419
-10.2808094304917,-41.1617737458662,0,-1.54441458080066,6,-0.0441325401709671
-10.2764160993768,-41.3617248516741,0,-1.55313378597004,6,-0.0430595112814902
-10.2737448688246,-41.5617064106558,0,-1.56161831876535,6,-0.0417858166377745
-10.2727449904578,-41.7617033466779,0,-1.56983490380717,6,-0.0403800338604536
-10.2733603038704,-41.9617018763822,0,-1.5777524726309,6,-0.0387956546540425
-10.2755273984227,-42.1616896540418,0,-1.58533748753184,6,-0.0370544946860468
-10.2791765099181,-42.3616559247981,0,-1.59256015727557,6,-0.0351722031621741
-10.2842321715571,-42.561591625279,0,-1.59939216322593,6,-0.0331478568164141
-10.2906132018521,-42.7614894616571,0,-1.6058054316873,6,-0.0309848283044079
-10.2982328634573,-42.9613439626138,0,-1.61177518091819,6,-0.0287126645940342
-10.3070000661206,-43.1611514569596,0,-1.61727973747997,6,-0.0263329016647133
-10.316819446644,-43.3609100499814,0,-1.6223000089775,6,-0.0238698139541803
-10.3275923538882,-43.5606195293998,0,-1.62682014732681,6,-0.0213315701607581
-10.3392171859786,-43.760281267286,0,-1.63082727944428,6,-0.0187397515870966
-10.3515902589689,-43.9598980663735,0,-1.63431336072154,6,-0.0161210617041145
-10.3646068753246,-44.1594739628862,0,-1.63727296413757,6,-0.0134749729024765
-10.3781613013219,-44.359014078598,0,-1.63970421904097,6,-0.0108375765003416
-10.3921482027251,-44.5585243651823,0,-1.64160998162526,6,-0.00822004963102566
-10.4064630829927,-44.7580114018188,0,-1.64299602499513,6,-0.0056403842653427
-10.4210029915129,-44.9574821728548,0,-1.64387169433057,6,-0.00311630920611234
-10.4356672201017,-45.1569438481623,0,-1.64424969699601,6,-0.000663717508373409
-10.4503579258814,-45.3564035762094,0,-1.64414574001477,6,0.00170328733597966
-10.464980683173,-45.5558682945635,0,-1.64357840236548,6,0.00397008923193441
-10.4794450569029,-45.7553445549332,0,-1.64256868888363,6,0.00612704568040662
-10.4936649791936,-45.9548383817642,0,-1.64113992337547,6,0.00816060951547285
-10.5075592836999,-46.1543551408154,0,-1.63931745019664,6,0.0100641223931211
-10.5210519672862,-46.3538994502155,0,-1.63712767139133,6,0.0118336657740733
-10.5340723445195,-46.5534751209298,0,-1.63459895430454,6,0.0134535051923442
-10.5465556759334,-46.7530850891743,0,-1.63176038541923,6,0.0149321837364876
-10.5584428291957,-46.9527314340327,0,-1.62864107222128,6,0.0162609482994341
-10.569680632195,-47.1524153686866,0,-1.62527166820864,6,0.0174330918536222
-10.5802221459487,-47.3521372586632,0,-1.62168214330541,6,0.0184621571779187
-10.5900261295619,-47.5518966992459,0,-1.61790219261021,6,0.0193373497569243
-10.5990574776758,-47.7516925519965,0,-1.61396240576018,6,0.0200605186887255
-10.6072871532103,-47.9515230227023,0,-1.60989108510302,6,0.0206526878141453
-10.6146913533605,-48.1513857745676,0,-1.60571751483327,6,0.0210830147965936
-10.6212527481412,-48.3512779648633,0,-1.60146971345849,6,0.0213949988578413
-10.6269587467308,-48.5511963979327,0,-1.59717459752724,6,0.0215561603613087
-10.6318028001668,-48.7511375714337,0,-1.59285841254527,6,0.0216056893656977
-10.6357828376961,-48.9510978103455,0,-1.58854663920245,6,0.0215120439785552
-10.6389025303843,-49.1510733242828,0,-1.58426398014475,6,0.0213145465197846
-10.6411697198727,-49.3510603239367,0,-1.58003349700532,6,0.0209902848194541
-10.6425973350697,-49.5510550842558,0,-1.57587881765731,6,0.0205565086157063
-10.643202701736,-49.7510540304059,0,-1.57181574394464,6,0.0200742285746109
-10.6430051007631,-49.9510538014773,0,-1.56784358934207,6,0.0196473175762479
-10.6420216115121,-50.1510512568134,0,-1.56394732385389,6,0.0193153374198426
-10.6402655278237,-50.351043424223,0,-1.56010794099981,6,0.0190784912263099
-10.6377463489765,-50.5510274376886,0,-1.55630639352313,6,0.0189369836380822
-10.6344697711901,-50.7510004769637,0,-1.55252490298854,6,0.0188779218018902
-10.630438203474,-50.9509597198914,0,-1.54874556432298,6,0.0189154649498844
-10.6256502020268,-51.1509022791718,0,-1.54494932730658,6,0.0190469053151531
-10.6201005798219,-51.3508251463536,0,-1.54111760503881,6,0.0192703174673923
-10.6137804854291,-51.5507251366644,0,-1.53723252168917,6,0.0195805161427947
-10.6066776126745,-51.7505988392534,0,-1.53327558784203,6,0.0199888224464357
-10.5987757510508,-51.9504425432244,0,-1.52922684839829,6,0.0204985721273515
-10.5900546563424,-52.1502521649021,0,-1.52506798396001,6,0.0210900724078302
-10.5804908422816,-52.3500232142531,0,-1.52077986052156,6,0.0217911621534163
-10.5700564737038,-52.5497506743944,0,-1.5163418190496,6,0.0225892527860706
-10.5587198765957,-52.7494289426459,0,-1.51173439241871,6,0.023485013770915
-10.5464455195292,-52.9490517455716,0,-1.50693655691123,6,0.0244933415940955
-10.5331934288916,-53.1486120083587,0,-1.50192714766099,6,0.0256007512611076
-10.5189197393305,-53.3481017829205,0,-1.49668514465957,6,0.0268192791357688
-10.503576227577,-53.547512103606,0,-1.49118702718084,6,0.0281618961095235
-10.4871098127465,-53.7468328151939,0,-1.48541047425723,6,0.0296036336905755
-10.4694635726339,-53.9460525104747,0,-1.47933264542517,6,0.0311746553254446
-10.4505755657095,-54.1451582772997,0,-1.47292827736123,6,0.0328690261738186
-10.4303790976853,-54.3441355385834,0,-1.46617233666966,5.95532465080333,0.0346903817352535
-10.4088026121116,-54.5429678439721,0,-1.45903905918168,5.88777491014295,0.0366423943056864
-10.3857695863395,-54.741636639518,0,-1.45150194857406,5.81944114898607,0.0387287131738796
-10.3611984364329,-54.940121013703,0,-1.44353378818013,5.75029541888776,0.0409528924480207
-10.3350024352784,-55.1383974182663,0,-1.43510650012786,5.68030807031227,0.0433199899248897
-10.3070895821843,-55.33643935278,0,-1.4261896799054,5.60944760397325,0.045848214442511
-10.2773619660188,-55.5342169355839,0,-1.4167556570968,5.5376805060874,0.0484920159960357
-10.2457176652889,-55.7316968236664,0,-1.40677332800173,5.46497106194075,0.0513312777591022
-10.2120477054611,-55.9288413445173,0,-1.39621186691104,5.3912811487526,0.0542833366360234
-10.1762394594492,-56.125608601071,0,-1.38504216443126,5.3165700021315,0.0574136919337751
-10.1381742199703,-56.3219515987776,0,-1.37323049626318,5.24079395087501,0.0607029939141
-10.0977281500637,-56.5178178711216,0,-1.36074694843966,5.16390612070134,0.0641324887077738
-10.0547732300986,-56.7131491176912,0,-1.34756226710743,5.08585609441335,0.0677143292406109
-10.0091770228115,-56.9078805764106,0,-1.33364564130204,5.00658952399412,0.0714519341496955
-9.96080282187189,-57.101940410727,0,-1.31896903323793,4.92604768914037,0.0753141531204892
-9.90951118003267,-57.2952494124244,0,-1.30350774200195,4.84416698815462,0.0792987674090045
-9.85516034290602,-57.4877204566949,0,-1.28723779986801,4.7608783480978,0.0834006629695962
-9.79760683879711,-57.6792579700169,0,-1.27013592757482,4.67610654251996,0.0876180700021157
-9.73670598909713,-57.8697573455406,0,-1.25219024086577,4.59388704871336,0.0918388057019275
-9.67231664568491,-58.0591057920198,0,-1.23340307219942,4.51719990050819,0.0960328855885571
-9.60430275405019,-58.2471824495696,0,-1.21381267577305,4.44734086117032,0.0998710815666427
-9.53254608555398,-58.4338629224323,0,-1.19347761295067,4.38358010795258,0.103479548331642
-9.4569416266033,-58.6190182356604,0,-1.17245644940995,4.32633089450529,0.106732089473884
-9.37740237899472,-58.802517398291,0,-1.15081496247426,4.27494132082658,0.109682780062202
-9.29385733578537,-58.984227551181,0,-1.12861262092816,4.22919393104293,0.11234063595906
-9.20625111766595,-59.1640147302434,0,-1.10591637502042,4.18931161778725,0.114621820671971
-9.1145468471651,-59.3417463843776,0,-1.08278603978348,4.15301284392048,0.116681528880733
-9.01872039127267,-59.5172896743419,0,-1.05928460790637,4.12189292661609,0.118332786312091
-8.91876671542305,-59.6905160267665,0,-1.03547189568216,4.09647765265286,0.119794332248091
-8.81469186888357,-59.861298029295,0,-1.01140172169858,4.0760449892528,0.120907407111735
-8.7065181369155,-60.02951359107,0,-0.987131774787285,4.06032977520074,0.121792061354795
-8.5942794696744,-60.1950445223096,0,-0.962707676476793,4.04814750788897,0.122448920326446
-8.478021068589,-60.3577773609909,0,-0.938173419112898,4.0404811913327,0.122893648131051
-8.3577984330609,-60.5176038321555,0,-0.913570217641691,4.03314976311156,0.123138358272861
-8.23367650708636,-60.6744213213629,0,-0.888933352415311,4.03314976311156,0.123230287068811
-8.10572773888276,-60.8281323743631,0,-0.864293093919089,4.03314976311156,0.12317229649902
-7.97403158497759,-60.9786451611568,0,-0.83967570436099,4.03314976311156,0.123001601586875
-7.83867297718597,-61.1258729796735,0,-0.815096645709799,4.03804915229445,0.122788991073825
-7.69973993992077,-61.2697326465867,0,-0.790572465613984,4.04220455816137,0.122452814754615
-7.55732569335152,-61.4101469851182,0,-0.766110736303307,4.04690605871743,0.122164482864497
-7.41152354473472,-61.5470401873393,0,-0.741715448908958,4.05175863484205,0.121788398477074
-7.26243055961427,-61.6803417454383,0,-0.717389624338956,4.05647883436341,0.121469856982998
-7.11014344539486,-61.8099822799069,0,-0.693124168018563,4.06051432792928,0.121184720245002
-6.95475925888337,-61.9358941395472,0,-0.668910177428312,4.06364014907939,0.120955200770901
-6.79637488225601,-62.0580106299042,0,-0.64473437125319,4.06545842553697,0.120802875435486
-6.63508660447271,-62.1762652014072,0,-0.62057820904028,4.06553359246198,0.120758758258588
-6.47098958314058,-62.2905902725652,0,-0.596416949857954,4.06369448994273,0.120853844679713
-6.30417745024563,-62.4009159768515,0,-0.572228871220273,4.05944972811562,0.121026951794418
-6.13474398803583,-62.5071719910796,0,-0.547982341172682,4.05268004687737,0.121438360784718
-5.96278007090026,-62.6092819088128,0,-0.523642862564715,4.04289513622605,0.121956438855818
-5.78837700531493,-62.7071674226695,0,-0.499172975660177,4.03010737285339,0.122742444457126
-5.61162384958777,-62.8007425090681,0,-0.474532069469026,4.01379339308435,0.123666631758548
-5.43261064544162,-62.8899176887144,0,-0.449672546471249,3.99393981875668,0.124928613339122
-5.25142554205197,-62.9745926786507,0,-0.424544356789691,3.97029131916362,0.126353301591969
-5.06815885251701,-63.0546623969978,0,-0.399096588109311,3.94268886026897,0.128124404362243
-4.88290092492103,-63.1300100954036,0,-0.373263815511579,3.91101945380064,0.130203345980235
-4.69574410746641,-63.2005084840284,0,-0.3469861256507,3.87530313647631,0.132573577065415
-4.50678426238052,-63.2660201908557,0,-0.320189392305066,3.83551002900668,0.135393784401725
-4.31612018791176,-63.3263916275424,0,-0.292798291273277,3.79232291664954,0.138517259029484
-4.12385729582634,-63.3814584344666,0,-0.264732902168911,3.74627367785632,0.142136665481166
-3.93010723540237,-63.4310381200387,0,-0.235909795629661,3.69793779724979,0.146094433337462
-3.73499180847979,-63.4749361998635,0,-0.206276781957888,3.64823056435699,0.150235737939855
-3.53864606595576,-63.5129526029006,0,-0.175794621777949,3.59766129414261,0.154585905004586
-3.34121943625307,-63.5448812756326,0,-0.144427779436992,3.54735818168793,0.159082565021764
-3.1428775160572,-63.5705133607145,0,-0.112150462512517,3.49778388810804,0.163690644118767
-2.94380337507696,-63.5896394803902,0,-0.0789375679070047,3.44945242674142,0.168438338464238
-2.74419852312885,-63.6020496403389,0,-0.0447825852675158,3.40272980725713,0.173111517252953
-2.54428426015851,-63.6075429491696,0,-0.00968143678969683,3.35799835640707,0.177899997435253
-2.3443016718636,-63.6059213373926,0,0.0263599485398354,3.31562124803398,0.182513893364344
-2.14451205417657,-63.5970025329541,0,0.063316985590177,3.27604070821969,0.187056514024712
-1.94519637109099,-63.5806173688939,0,0.101162005940107,3.23941575042383,0.191393729642653
-1.74665427928564,-63.5566165816885,0,0.139847159387192,3.20618942005755,0.195457840075071
-1.54920236473233,-63.5248748676916,0,0.179311050780203,3.17661254762229,0.199181099916726
-1.3531716930359,-63.4852947718042,0,0.219479995885608,3.15092454053912,0.20250835660193
-1.15890479521825,-63.4378098315232,0,0.260271715647516,3.129331924262,0.205408833602941
-0.96675237118966,-63.382386473435,0,0.301580559998471,3.11207587373821,0.207679592769356
-0.777067355603637,-63.3190320791049,0,0.343294560766711,3.09922798754707,0.209460390171052
-0.590202210191286,-63.2477893621133,0,0.385303638967168,3.08714369161349,0.210630373490107
-0.406503247262475,-63.1687403313096,0,0.427476656229001,3.08714369161349,0.211099776873324
-0.226304469116209,-63.0820083006547,0,0.469685389696333,3.08714369161349,0.210987524525506
-0.0499248168625539,-62.9877517562823,0,0.511811190421543,3.08714369161349,0.210270442769968
0.122336320623208,-62.886163168807,0,0.55372629581971,3.1029174918292,0.208880560195226
0.290204606544907,-62.7774687877945,0,0.595310685348467,3.11679537025995,0.206963282266802
0.453431489297862,-62.661920802214,0,0.636462431042541,3.13478138759016,0.204554144690364
0.611796228338224,-62.5397933996953,0,0.677078426219562,3.15660664017826,0.201605791697063
0.765109581375642,-62.4113812781171,0,0.717077009558383,3.18196829528535,0.198380047982089
0.913209072915474,-62.2769886427274,0,0.756388546762826,3.21050390705282,0.194735352010719
1.05596371844219,-62.1369310070708,0,0.794951050955523,3.24207885516528,0.190889727606495
1.19326887385274,-61.9915263080754,0,0.832722794043237,3.27614003887999,0.186827741607152
1.32504667596141,-61.8410934168954,0,0.869678179444301,3.31250432496719,0.182726149611771
1.4512404320165,-61.6859457948152,0,0.905794473944195,3.35063874154794,0.178436833551528
1.57181849839702,-61.5263940017359,0,0.941061070811141,3.39031038706938,0.174229179726121
1.68676505942299,-61.362737871083,0,0.975486549897637,3.43100808098931,0.170025663354326
1.79608135302495,-61.1952679344751,0,1.00908309912738,3.47250643935004,0.165939878020857
1.89978071596795,-61.0242625124288,0,1.04186861903231,3.51431442908718,0.16191536360564
1.99788920739239,-60.8499888574673,0,1.07386992157287,3.55603685030753,0.158097697423792
2.0904393108267,-60.6727003289178,0,1.10512154017571,3.59741997440562,0.154418524533377
2.17747098198796,-60.492638181498,0,1.13565355801364,3.63805870841558,0.150901685543817
2.25902964835561,-60.3100314740628,0,1.16551099893318,3.67756125070693,0.147672758063557
2.33516044198001,-60.1250956665045,0,1.1947355133882,3.71569779729153,0.144572422635747
2.40591293337493,-59.9380359262107,0,1.22336843569195,3.75206413578438,0.141756836481689
2.47133438684861,-59.7490454564868,0,1.25145980060259,3.78660662045289,0.139156850507581
2.53147139005124,-59.5583074226425,0,1.27905475903585,3.81926113234745,0.136792763690892
2.58636828227411,-59.3659955049642,0,1.30620304271983,3.84984957801813,0.134690098274507
2.63606542732743,-59.1722745479285,0,1.33294108792066,3.87856392635806,0.132690375348791
2.68060473106551,-58.9773029366312,0,1.35930072633187,3.90552993917411,0.130906028597693
2.72002479293403,-58.7812320326775,0,1.3853174607201,3.93097033727698,0.129261334055931
2.75436339442694,-58.5842075216226,0,1.4110157643883,3.95508742912686,0.127721717974206
2.78365849725923,-58.3863701027235,0,1.43641489405646,3.97808277456313,0.126269594060947
2.80794863379272,-58.1878559180224,0,1.46153073756297,4.0001097101748,0.1248888564344
2.82727327851375,-57.9887968922456,0,1.48638173004046,4.02155694758583,0.123621084242964
2.84167094789786,-57.7893208593838,0,1.51097740592497,4.04247630349787,0.122335687620171
2.85118419244064,-57.5895521949773,0,1.53532684679371,4.06304747531383,0.121158732664698
2.85585437660052,-57.3896115819536,0,1.55943589293865,4.08344264407482,0.119931742298291
2.85572783223312,-57.1896163842744,0,1.58330595802327,4.10395705012305,0.118768921810931
2.85085112546788,-56.9896805167713,0,1.60694337558052,4.12460741321028,0.117605267459099
2.84127349473174,-56.7899145538755,0,1.63034720243888,4.14562662543025,0.116433013355868
2.82704700432619,-56.5904256725018,0,1.65351503227289,4.16704980265953,0.115245297595336
2.80822666069395,-56.3913175691024,0,1.67644317472564,4.18913790192745,0.114036139157315
2.78487049073555,-56.1926903568076,0,1.69913059812253,4.211992229705,0.112838105722331
2.75703809164352,-55.9946406751408,0,1.72157298870023,4.23557586374088,0.111585809990785
2.72479306886369,-55.7972613101969,0,1.74376161259433,4.2602098485116,0.110300437661215
2.68820202184538,-55.6006411482917,0,1.76569018465722,4.28584957470621,0.108985290213703
2.64733424431285,-55.4048651060848,0,1.78735707890076,4.31268860791289,0.10768365841256
2.60225987206657,-55.2100144604536,0,1.80875202893333,4.34075375582824,0.106265848310772
2.55305477494644,-55.0161656322091,0,1.82986421375187,4.37009959622755,0.104856008130334
2.49979552647339,-54.8233911481122,0,1.85069015755222,4.40071925961147,0.103403441376154
2.44256121303386,-54.6317591480509,0,1.87122134658858,4.43308836945024,0.101908459641846
2.38143324099396,-54.4413333003698,0,1.89145036713798,4.46671277205852,0.100381752905551
2.31649475273741,-54.2521728678881,0,1.91137318407327,4.50210883412538,0.098846422217637
2.24782959624885,-54.0643330070733,0,1.93097729978205,4.53894933165059,0.0971947393180012
2.17552619655851,-53.8778632338637,0,1.95025776435334,4.57695580720068,0.095609912175696
2.09967052097052,-53.6928099533548,0,1.96920869676212,4.6162799165159,0.0938994175100457
2.02035310407764,-53.5092136824614,0,1.98782521021423,4.65577572556914,0.0922657211934527
1.93766141100408,-53.3271121451099,0,2.00610274910686,4.69730902467791,0.0905096727959435
1.85168701350392,-53.1465371515274,0,2.02403072188117,4.74016028760194,0.0887700608859946
1.76252035786963,-52.9675168351915,0,2.04160868130301,4.78443895424334,0.0870095417384884
1.67025201762258,-52.7900751243994,0,2.05883216185829,4.83025710392427,0.0852252725675096
1.57497267475385,-52.6142317420044,0,2.07569669168326,4.87767378759443,0.0834200333973912
1.47677290585864,-52.440002310242,0,2.09219914364683,4.926646117715,0.081604491568458
1.37574270822943,-52.2673986300376,0,2.10833995791321,4.97694030364792,0.0798036554322368
1.27197056507951,-52.0964292996744,0,2.12411197247743,5.0293616796205,0.0779164935987967
1.16554681348242,-51.9270976953046,0,2.13951426597904,5.08298910683747,0.0761064453488897
1.05655799288038,-51.7594054713151,0,2.15454633857216,5.13862003048614,0.0742142844568466
0.945092185184741,-51.5933492872346,0,2.16920796035228,5.19545808133931,0.0724019366157286
0.831233538330534,-51.4289244498805,0,2.18349769594902,5.25437776707757,0.070495423024123
0.715067996271138,-51.2661211358141,0,2.19741081198592,5.31490383746029,0.0686357408575476
0.596678592288854,-51.1049276616401,0,2.21095150430934,5.37711006035579,0.0667711858443511
0.476147140809221,-50.9453294448404,0,2.22411891944628,5.44105333806149,0.0649029675319388
0.35355417133509,-50.7873091337944,0,2.23691242230159,5.50678061863603,0.0630320617957352
0.228978877319846,-50.6308467336857,0,2.24933154819616,5.57433324537405,0.0611591975593602
0.102499079725104,-50.4759197269752,0,2.26137595231678,5.64374974504485,0.0592848445273435
-0.0258087950562129,-50.3225031872127,0,2.27304535678691,5.71506764272814,0.0574092019351495
-0.155869723284495,-50.1705698850538,0,2.28433993607177,5.78829789232586,0.0555365934696886
-0.287610210596514,-50.0200905019225,0,2.29526391213386,5.86324381896665,0.0537031698587939
-0.420959356345526,-49.8710346979831,0,2.30583014351778,5.93946768033942,0.0519591462832547
-0.555850277584499,-49.7233726139225,0,2.31605045622913,6.01695458627045,0.0502439827958996
-0.692218226566283,-49.5770734140793,0,2.32593381851559,6.09551489809636,0.0485896416037512
-0.830001476026976,-49.4321062765928,0,2.33549612851749,6.17478522614329,0.0470334600284177
-0.969142305017901,-49.2884415828605,0,2.34474644909603,6.25501083209405,0.0454697471948341
-1.10958387345403,-49.1460481199554,0,2.35369263532913,6.33590738836979,0.0439921163461034
-1.25127285872335,-49.0048957860738,0,2.36234668312184,6.41749044839007,0.0425483629184017
-1.39415788817129,-48.8649542471236,0,2.37071480440289,6.49979460096204,0.0411328509565835
-1.53818933627219,-48.7261928572836,0,2.37880596210088,6.58267844283256,0.0397787270561016
-1.68332019087173,-48.5885816995866,0,2.38662633145847,6.66630906289967,0.0384249673759407
-1.82950431514913,-48.4520899009229,0,2.39418267633813,6.75050537284874,0.0371384822178736
-1.97669824078121,-48.3166876470572,0,2.40148056804747,6.83547318793869,0.0358404355621529
-2.12485897424518,-48.182343941194,0,2.40852524152949,6.92103851101903,0.0346062998915547
-2.27394600067006,-48.0490288847406,0,2.41532123370022,7.00741604879241,0.0333536223618909
-2.42391903194511,-47.9167112874405,0,2.42187277094702,7.09443693422082,0.0321617506074289
-2.57474008738692,-47.7853610828753,0,2.42818304963056,7.18233647754369,0.0309410366364661
-2.72637109099517,-47.6549466830758,0,2.43425567001503,7.27091875326439,0.0297851675701256
-2.87877630040239,-47.5254378476919,0,2.44009294761813,7.36044739847438,0.0285876087932654
-3.03191950112203,-47.3968024903438,0,2.44569615803932,7.45076076630942,0.0274444957113294
-3.18576647433444,-47.2690096404242,0,2.45106845814501,7.54201479893168,0.0262785056785697
-3.34028297600621,-47.1420271128581,0,2.45620872509829,7.6342086547729,0.0251241640964957
-3.4954356056622,-47.0158225921806,0,2.46112035592715,7.72729581300141,0.023992144430695
-3.65119204456878,-46.890363998875,0,2.46580235442738,7.82142347401541,0.0228278407818013
-3.80751966120449,-46.7656178166864,0,2.47025306872719,7.91654623189416,0.0216793024077093
-3.96438670197491,-46.6415506092261,0,2.47447383883007,8.01267581653096,0.0205283988087261
-4.12176181217099,-46.5181284814607,0,2.47846376740689,8.10982554767231,0.0193708871065552
-4.27961391118146,-46.3953169683003,0,2.48222051215101,8.20802555547779,0.0181965604593961
-4.43791192437882,-46.2730807316521,0,2.48574201014701,8.30724996767489,0.0170184196329645
-4.59662508396941,-46.1513839902722,0,2.48902664316527,8.40748370636872,0.0158279106902286
-4.75572269879407,-46.0301902696783,0,2.49207175114805,8.50869929257375,0.0146231692697939
-4.91517408941423,-45.9094623618399,0,2.49487430704454,8.6108548813157,0.0134023898123199
-5.07494852414171,-45.7891622864957,0,2.49743092903484,8.64080741855114,0.0121638301915363
-5.23501515588579,-45.6692512544557,0,2.49973797068078,8.59439078832587,0.0109065863539895
-5.39534297808117,-45.5496896579577,0,2.50179165180521,8.54772210376484,0.00963022496344269
-5.55590079040305,-45.4304370767056,0,2.50358713335564,8.50079721384184,0.00832459060369265
-5.71665693171158,-45.3114519719111,0,2.50511944225519,8.45361185231186,0.00699849844885115
-5.87757946396931,-45.192691990183,0,2.50638437663731,8.40616163317507,0.00565084542259308
-6.03863611643554,-45.0741139508771,0,2.50737616260394,8.35844204597795,0.00426701427942638
-6.19979390826747,-44.955673398598,0,2.5080891085085,8.31044845077862,0.00286244479207806
-6.36101948178673,-44.8373251251702,0,2.50851767510063,8.2621760728787,0.00142322113642215
-6.52227873703669,-44.7190227476514,0,2.50865558521312,8.21361999729385,-4.41202724636075e-05
-6.68353694834302,-44.600718947212,0,2.50849672618234,8.16477516290707,-0.00154447030244295
-6.84475860735239,-44.4823653416411,0,2.5080346814002,8.11563635631677,-0.00307597754444255
-7.00590742268002,-44.3639125775224,0,2.50726303798011,8.06619820534321,-0.00464045669873927
-7.16694622967956,-44.2453103065342,0,2.50617520722118,8.01645517217231,-0.00623785095597446
-7.32783694131619,-44.1265072246841,0,2.50476463944503,7.96640154611653,-0.00786782689513545
-7.48854050245651,-44.0074511231305,0,2.50302488308368,7.91603143596365,-0.00952973683455281
-7.64901684860193,-43.8880889518598,0,2.5009496502771,7.86533876188039,-0.0112225913734866
-7.80922486994131,-43.7683668971089,0,2.4985326315942,7.81431724683518,-0.0129475956257249
-7.96912231998307,-43.6482303914688,0,2.49576759930538,7.76296040753867,-0.0147027274686544
-8.12866579847299,-43.5276242306872,0,2.49264980397536,7.71126154487978,-0.0164752260759313
-8.28781099308371,-43.4064930345923,0,2.48917394506623,7.65921373361464,-0.018283363305894
-8.44651217002442,-43.2847807212033,0,2.48533505463033,7.60680981156113,-0.0201055413945758
-8.60472262734541,-43.1624312540054,0,2.48112982127646,7.55404236816088,-0.0219467925333785
-8.76239450522682,-43.0393885419543,0,2.4765553233697,7.50090373217352,-0.0237981869494253
-8.91947893765031,-42.9155967836271,0,2.47161061088229,7.44738595857226,-0.0256489383439474
-9.07592625609577,-42.7910008673468,0,2.46630281311647,7.39348081473908,-0.0274290397146126
-9.23168768943392,-42.6655486105309,0,2.46064360512572,7.33917976543414,-0.029163040552653
-9.3867147384527,-42.5391900178857,0,2.45464447668306,7.28447395703571,-0.0308282442536686
-9.54095973701725,-42.411878012176,0,2.44832097058419,7.22935420123627,-0.0324068171361403
-9.69437632003617,-42.2835689915416,0,2.44168835382751,7.17381095650843,-0.0339193508493838
-9.84691892259811,-42.1542221945458,0,2.43476114607597,7.11783430861013,-0.035352726976994
-9.9985431433078,-42.023800101043,0,2.42755442298359,7.06141395026765,-0.0367145041312102
-10.1492055843601,-41.8922681930407,0,2.42008630403618,7.00453915952871,-0.0379666855241731
-10.2988649013942,-41.7595960785888,0,2.41237539566667,6.94719877548435,-0.0391423984822256
-10.4474809998322,-41.6257564566967,0,2.40443842054485,6.89416531164534,-0.0402273532016327
-10.5950154768497,-41.4907255115914,0,2.39629371433338,6.8455399658081,-0.0412197092104832
-10.7414317476944,-41.3544829200044,0,2.38795861838235,6.80130779348982,-0.0421312503983938
-10.8866948028983,-41.2170114558839,0,2.37945282915929,6.76162591674867,-0.0429266419153847
-11.0307722648637,-41.0782979583684,0,2.37079699590199,6.72619769480262,-0.0436316908700578
-11.1736337815022,-40.9383325034595,0,2.36200940883884,6.69501110713659,-0.0442441799778428
-11.3152511789903,-40.7971083974797,0,2.35310656160093,6.66801921556089,-0.044784292581303
-11.455597978621,-40.6546215362754,0,2.3441090429892,6.64577948325818,-0.0451908937086635
-11.5946512327778,-40.510872041895,0,2.33503778686322,6.62723436391245,-0.0455216675737543
-11.7323899935333,-40.3658625408692,0,2.32590679622672,6.61246950499755,-0.0457882390461763
-11.8687950471205,-40.219597779384,0,2.31673709806285,6.60615346167009,-0.0459087425807065
-12.0038514015115,-40.072086766221,0,2.30754480522885,6.60615346167009,-0.0460141857739917
-12.1375445356462,-39.9233391160112,0,2.29834681842883,6.60615346167009,-0.0459656823940454
-12.2698645826283,-39.7733687089627,0,2.28916179797101,6.60615346167009,-0.0458845222643548
-12.4008028165302,-39.6221903415382,0,2.28000163800497,6.6166795003679,-0.0457170777199585
-12.5303533135541,-39.4698210830068,0,2.27088414239373,6.63163126252576,-0.0454578787928603
-12.6585132037645,-39.3162803139077,0,2.26182394762945,6.64981195276406,-0.0451440694362683
-12.7852816048286,-39.1615886787371,0,2.2528332611202,6.67129951092051,-0.0447627963950874
-12.9106600662307,-39.0057683463134,0,2.24392520894349,6.69606317178624,-0.0443177260860484
-13.0346525089068,-38.8488428405176,0,2.23511217477126,6.72404190437587,-0.0438126163611766
-13.157265155017,-38.690836874368,0,2.22640578472054,6.75516416972441,-0.0432512849069889
-13.2785064488662,-38.5317761886577,0,2.21781689842618,6.7893542921816,-0.0426375786262201
-13.3983869700488,-38.3716873962512,0,2.20935324380631,6.82622874522275,-0.0419989680536998
-13.5169185764631,-38.2105972762029,0,2.20102532252908,6.86622690737689,-0.0412802451262978
-13.63411620149,-38.0485340392884,0,2.19284252775321,6.90890919628736,-0.040547703047884
-13.7499957407988,-37.8855257060365,0,2.18481102274758,6.95434588226926,-0.0397673474967377
-13.8645751592148,-37.7216008761895,0,2.17693706534968,7.00227606657101,-0.0389722269401819
-13.9778734189267,-37.5567879343615,0,2.16922791650714,7.05291716070375,-0.038119261996261
-14.0899119003813,-37.3911160040792,0,2.16169006517443,7.10599858537067,-0.0372592518718289
-14.2007127323544,-37.2246137689793,0,2.15432676335588,7.16147678441577,-0.0363737668896653
-14.3102993926002,-37.0573098794889,0,2.14714282634084,7.21930332761683,-0.03546560375394
-14.4186966111291,-36.8892328755398,0,2.14014252493906,7.2794265820218,-0.0345374107357283
-14.5259302754,-36.7204111175023,0,2.13332961592382,7.34179284278825,-0.0335916799225476
-14.632027338081,-36.5508727251592,0,2.12670737386402,7.40634710711709,-0.0326307411316876
-14.7370157279639,-36.3806455244841,0,2.12027681534042,7.47291729858032,-0.0316748445100048
-14.8409236451823,-36.2097566280272,0,2.11404107749137,7.54162033460675,-0.0306825343287033
-14.9437809618292,-36.0382333045682,0,2.10800307095969,7.61229426000378,-0.0296975313040778
-15.0456177163981,-35.8661020714885,0,2.10216349250404,7.6849270765573,-0.0286982535778432
-15.1464648356194,-35.6933891527235,0,2.09652312157726,7.75939491915628,-0.0277054559871192
-15.2463534027495,-35.5201200691821,0,2.09108402456061,7.83576670366589,-0.0266855144720821
-15.3453158054385,-35.3463203250238,0,2.08584783205435,7.91390757930794,-0.0256764108619321
-15.4433844051414,-35.1720146594408,0,2.08081396439979,7.99377586529682,-0.0246622659210793
-15.5405920691914,-34.9972273823709,0,2.07598335426656,8.07532782572828,-0.0236438355601058
-15.636972129032,-34.8219823745126,0,2.07135679776026,8.15851774691371,-0.022621729592773
-15.7325583434765,-34.6463030914709,0,2.06693487584837,8.24329342568011,-0.0215974896135732
-15.8273848291285,-34.4702125514142,0,2.06271630400496,8.32953431056194,-0.0205882289591843
-15.92148544074,-34.2937330316265,0,2.05869598222375,8.41704938022687,-0.0196149890275424
-16.0148930070113,-34.1168857034081,0,2.0548665949877,8.5056635129543,-0.0186788835063419
-16.1076392662589,-33.9396906499849,0,2.05122033476593,8.59520510067467,-0.0177837188591259
-16.1997547077165,-33.7621668338871,0,2.04774997098544,8.68555108749636,-0.0169199190715785
-16.2912688895065,-33.5843323092542,0,2.04445022487495,8.77662023550552,-0.0160775421282512
-16.38221077479,-33.4062044319829,0,2.04131369219967,8.86823640339535,-0.0152877847128807
-16.4726076033493,-33.2277993205833,0,2.03833471582312,8.96038764995484,-0.0145019791276656
-16.5624866102631,-33.0491327668234,0,2.03550766237738,9.0529149370948,-0.0137685553929318
-16.6518732839677,-32.8702193839424,0,2.03282688889735,9.14580994664841,-0.0130391794645084
-16.7407930802394,-32.6910734984273,0,2.03028726988558,9.23894170756339,-0.0123570107010574
-16.8292698663818,-32.5117083985929,0,2.02788329424896,9.33229331106147,-0.0116827457105732
-16.9173273182267,-32.3321370537026,0,2.02561124531053,9.42579043861714,-0.0110377437100394
-17.0049881454097,-32.1523717511455,0,2.02346535598632,9.51936490542081,-0.0104211495626516
-17.092274112121,-31.9724241299831,0,2.02144132245682,9.61298441672633,-0.00981918575847077
-17.1792065245701,-31.7923054370853,0,2.01953553419968,9.70660052092156,-0.00923869683671895
-17.2658059779123,-31.6120264201851,0,2.01774360853004,9.80016440343695,-0.00868055988221219
-17.3520923177258,-31.431597325808,0,2.01606138082177,9.89363542093575,-0.00814171721721791
-17.4380847440014,-31.251027964257,0,2.01448505632018,9.98697521599504,-0.00762152781097065
-17.523801828736,-31.0703277314043,0,2.01301083182014,10,-0.00712071720262343
-17.6092614845851,-30.8895056062919,0,2.01163533248564,10,-0.00663427615266899
-17.6944811413807,-30.7085702459123,0,2.01035524580806,10,-0.00616659063246405
-17.779477583358,-30.5275299185214,0,2.00916704171356,10,-0.00571545032071344
-17.8642670251651,-30.3463925493153,0,2.00806746678935,10,-0.00528029892899853
-17.9488651284725,-30.165165737049,0,2.00705336637702,10,-0.00486070520229588
-18.0332870143763,-29.983856767928,0,2.00612166911864,10,-0.00445626738245475
-18.1175472750222,-29.8024726284521,0,2.0052693811971,10,-0.00406661182809955
-18.2016599844771,-29.6210200172744,0,2.00449358084569,10,-0.0036913916816032
-18.2856387088725,-29.4395053561333,0,2.00379136179519,10,-0.00333079882671733
-18.3694964972093,-29.2579347913098,0,2.00315997278724,10,-0.00298309125209283
-18.4532459425961,-29.0763142271077,0,2.0025967467035,10,-0.00264916958711026
-18.5368991477373,-28.8946493145825,0,2.00209896085362,10,-0.00232868891697412
-18.6204677357985,-28.7129454608611,0,2.0016639646604,10,-0.0020212730196507
-18.7039628625836,-28.531207838632,0,2.00128916635785,10,-0.00172671001392354
-18.7873952228961,-28.3494413925627,0,2.00097201467819,10,-0.00144480677698817
-18.8707750563589,-28.1676508451109,0,2.00070999172752,10,-0.00117542273143105
-18.9541121514568,-27.9858407011832,0,2.00050059432193,10,-0.000918551330786108
-19.0374158448227,-27.8040152503036,0,2.00034142089334,10,-0.000673182943216614
-19.1206950571193,-27.6221785852496,0,2.00023006984566,10,-0.000440327497877627
-19.2039582555832,-27.4403345868139,0,2.00016409564571,10,-0.000219414475446601
-19.2872134741391,-27.2584869346943,0,2.0001411199979,10,-1.03410193760085e-05
-19.3704683165616,-27.0766391103685,0,2.0001588021117,10,0.000187163211507257
-19.4537299659579,-26.8947944026393,0,2.00021480270204,10,0.000372842716300538
-19.5370051750007,-26.7129559041571,0,2.00030677358546,10,0.000546866078913296
-19.6203002717807,-26.5311265148959,0,2.00043239561796,10,0.000709354280511685
-19.7036211639817,-26.3493089446779,0,2.00058939361717,10,0.000860625721156323
-19.7869733502899,-26.1675057188494,0,2.0007754912264,10,0.00100035033373306
-19.8703619082763,-25.9857191730191,0,2.00098834355751,10,0.00112817297686853
-19.9537914814338,-25.8039514472442,0,2.00122565019666,10,0.00124489341402502
-20.0372663082563,-25.6222044993717,0,2.0014852067245,10,0.001350671846325
-20.1207902280926,-25.4404801076304,0,2.00176476500912,10,0.00144491099567857
-20.204366659519,-25.2587798604814,0,2.0020619641024,10,0.00152707993610299
-20.2879985811733,-25.0771051474576,0,2.00237451648676,10,0.00159844391679804
-20.3716885778922,-24.8954571799661,0,2.00270029953143,10,0.00165938653517206
-20.4554388548145,-24.7138369973422,0,2.00303700978592,10,0.00170771601619586
-20.5392511579678,-24.5322454296958,0,2.00338226729886,10,0.00174485911257858
-20.6231268263412,-24.3506831212724,0,2.00373389343986,10,0.00177140230012485
-20.7070668134184,-24.1691505397723,0,2.00408974630817,10,0.00178712639449606
-20.7910716794607,-23.9876479721515,0,2.00444743972312,10,0.00178980775194991
-20.8751415110602,-23.8061754866712,0,2.00480465088895,10,0.00178230389818391
-20.959276025149,-23.6247329802997,0,2.00515938323053,10,0.00176501952378219
-21.0434745839195,-23.4433201850184,0,2.00550926168541,10,0.00173376502724253
-21.1277360430747,-23.2619365967124,0,2.00585226300307,10,0.00169624813913898
-21.2120590317139,-23.0805816044712,0,2.00618830143222,10,0.00166413615240874
-21.2964423755752,-22.8992546872311,0,2.00651847407598,10,0.00163759028239788
-21.3808851027579,-22.7179554167665,0,2.00684430672699,10,0.00162073623015509
-21.4653865931692,-22.5366835276884,0,2.00716770856328,10,0.00161328214448559
-21.549946567723,-22.3554389129908,0,2.00749019052141,10,0.00161153743731055
-21.6345649543776,-22.174221562025,0,2.00781335793775,9.96995311036662,0.00162013672743626
-21.7192420559612,-21.9930316392537,0,2.00813900771431,9.9297515087964,0.00163636103647808
-21.8039784514252,-21.8118694386684,0,2.00846861423104,9.88938648400765,0.00165970412578631
-21.8887749773377,-21.630735375559,0,2.0088039757004,9.84885602665708,0.00169391055805824
-21.9736328633459,-21.4496300504274,0,2.00914664044472,9.80815808588602,0.0017327368716922
-22.0585535058097,-21.2685541434965,0,2.00949817365951,9.76729056810835,0.00178259527416568
-22.1435386998598,-21.0875085239562,0,2.00986031877092,9.72625133575282,0.0018388558581851
-22.2285904714878,-20.9064941718319,0,2.01023457781178,9.68503820596044,0.00190373455600331
-22.3137111575682,-20.7255122161054,0,2.01062265996248,9.64364894922763,0.00197708694136939
-22.3989034003607,-20.5445639328188,0,2.01102608324012,9.60208128800083,0.00205714583828864
-22.4841700832929,-20.3636507155244,0,2.01144652154998,9.5603328952121,0.00214723725608104
-22.5695144510232,-20.1827741325922,0,2.01188551519462,9.51840139276074,0.00224269918571437
-22.6549399404543,-20.0019358483388,0,2.01234469930138,9.47628434993099,0.00234914188635162
-22.7404503833381,-19.8211377195169,0,2.01282564659402,9.43397928174904,0.00246033104357851
-22.8260497804336,-19.6403816895547,0,2.0133299478018,9.39148364727119,0.00258268103671354
-22.9117425330473,-19.459669899087,0,2.01385922158715,9.34879484780346,0.00271005682245061
-22.9975332208093,-19.2790045818253,0,2.01441500703254,9.30591022504715,0.00284779763624774
-23.0834267941884,-19.0983881570098,0,2.01499898505989,9.26282705916651,0.00299198264053669
-23.1694284322955,-18.9178231632148,0,2.0156126348455,9.21954256677709,0.00314451521850363
-23.2555436111208,-18.737312292112,0,2.01625771799737,9.17605389884511,0.00330631629863225
-23.3417781361589,-18.5568584056052,0,2.01693564526259,9.13235813850241,0.00347295634947002
-23.4281379819085,-18.3764644607286,0,2.0176482786504,9.0884522987586,0.003653377526409
-23.5146296138385,-18.1961336654245,0,2.01839707890254,9.04433332012489,0.00383462499718973
-23.6012595203019,-18.0158692561828,0,2.01918364949139,8.99999806812148,0.00403108089844086
-23.6880347304487,-17.8356747484278,0,2.0200098361915,8.95544333067769,0.00423078610892134
-23.7749623821398,-17.6555537311748,0,2.0208769899967,8.91066581542206,0.00444075194859302
-23.8620499738041,-17.4755099903437,0,2.02178719631213,8.86566214683304,0.00466131120967987
-23.9493053752762,-17.2955475168422,0,2.02274179092696,8.82042886328323,0.00488463493680773
-24.0367365449522,-17.1156703720346,0,2.02374272837048,8.77496241391889,0.00512473949568123
-24.1243520330143,-16.9358829348243,0,2.02479176217344,8.72925915541628,0.00536559853657673
-24.2121604036332,-16.7561896238413,0,2.02589030300736,8.6833153485746,0.00561980980710484
-24.3001706867725,-16.5765951204646,0,2.02704071077154,8.63712715473019,0.00588426784065853
-24.3883922648813,-16.3971043175982,0,2.02824429421918,8.59069063203893,0.00615156663771452
-24.476834605596,-16.2177221917391,0,2.02950329651838,8.54400173152564,0.00643845635733122
-24.5655078611749,-16.0384541021002,0,2.03081953517419,8.4970562929838,0.00672393020936703
-24.6544221131225,-15.8593054222946,0,2.03219456392367,8.44985004064454,0.00702635729001835
-24.7435880290887,-15.680281869267,0,2.03363098726163,8.40237857861056,0.0073378760968276
-24.8330165787701,-15.501389368067,0,2.03513018168308,8.35463738611416,0.00765406812722738
-24.9227188739089,-15.3226339763198,0,2.03669487819754,8.30662181245408,0.00799289702502423
-25.0127068081884,-15.1440222107621,0,2.03832675749117,8.25832707175143,0.00832589591884575
-25.1029920372841,-14.9655605405386,0,2.04002799805608,8.209748237352,0.00868650973881289
-25.193587170839,-14.7872559941126,0,2.04180109380421,8.16088023596132,0.0090444477558316
-25.2845046882053,-14.6091156179114,0,2.04364802492589,8.11171784147677,0.00942486347833507
-25.3757578325005,-14.4311469372625,0,2.04557146616665,8.06225566844515,0.00980954894848299
-25.4673599582619,-14.2533576317457,0,2.04757364642828,8.01248816519402,0.0102122536882044
-25.5593250173252,-14.0757557922326,0,2.04965716868512,7.96240960655157,0.0106229689023421
-25.6516671989386,-13.8983497444331,0,2.05182469135037,7.91201408615376,0.0110522577785001
-25.7444013006162,-13.7211482506527,0,2.05407864690466,7.86129550833548,0.0114872977922753
-25.8375422688872,-13.5441602801863,0,2.05642227222161,7.81024757947999,0.0119489554079734
-25.9311059333239,-13.3673954056413,0,2.05885791411663,7.75886379897312,0.0124074635704655
-26.025107948145,-13.1908632561062,0,2.0613889397206,7.7071374494631,0.0129027925004642
-26.1195651990179,-13.0145742755002,0,2.06401859785947,7.65506158666675,0.0133937889315401
-26.2144943436738,-12.8385389593261,0,2.06674884984317,7.60262902851409,0.013908730941401
-26.3099128037576,-12.6627683967841,0,2.06958499697897,7.54983234339638,0.014452740460862
-26.4058389352633,-12.4872743844052,0,2.07252950875345,7.49666383817023,0.014992377338539
-26.5022908464123,-12.312068797807,0,2.07558493450586,7.44311554492701,0.0155618802442906
-26.599287592335,-12.1371642590915,0,2.0787565172086,7.38917920687441,0.0161539468458592
-26.6968489077388,-11.962574014142,0,2.0820483299683,7.33484626371656,0.0167641808145423
-26.7949950427161,-11.7883118631373,0,2.08546292052366,7.28010783584415,0.0173817248073336
-26.8937463750685,-11.6143919607731,0,2.08900106465127,7.22495470717444,0.0179997165549599
-26.9931231642671,-11.4408286902668,0,2.09266145731625,7.16937730697161,0.0186042102081986
-27.0931450618531,-11.2676363921371,0,2.09644137180287,7.11336569061636,0.0191949347812591
-27.1938310999703,-11.0948293585061,0,2.10033803854504,7.05690951883311,0.0197717327694511
-27.2951996841841,-10.9224218288866,0,2.10434865203542,6.99999803540311,0.0203344022701209
-27.3972685851102,-10.7504279843354,0,2.1084703620557,6.94262004322935,0.0208826980797239
-27.5000549289219,-10.5788619399645,0,2.1127002651231,6.88476387860163,0.0214163327517421
-27.603575186808,-10.4077377358026,0,2.1170353961486,6.82641738349404,0.0219349776484919
-27.707845163453,-10.2370693259963,0,2.12147306542664,6.7675678757081,0.022441715233458
-27.8128801019279,-10.0668706391088,0,2.12601110489075,6.70820211674708,0.0229386794941357
-27.9186947549254,-9.89715562063607,0,2.13064502956563,6.64830627726254,0.0234005673516261
-28.0253025276157,-9.72793769011104,0,2.13537110333685,6.58786589907514,0.0238601704578978
-28.132716593478,-9.55923042604044,0,2.14018858039548,6.52686585424008,0.0243146002592603
-28.2409497921298,-9.39104750670123,0,2.14509193247586,6.4652903015075,0.0247189206336262
-28.3500131210907,-9.22340172769348,0,2.15007880087143,6.40312263769294,0.0251497634122597
-28.4599183135056,-9.05630665606205,0,2.15514564825433,6.34034544567593,0.0255187105442475
-28.5706748771224,-8.88977469177339,0,2.16028709535489,6.27694043745546,0.0258957605441152
-28.6822924426334,-8.72381858822561,0,2.16550222778467,6.21288839132094,0.0262555638815909
-28.7947799160235,-8.5584508915305,0,2.17078531443541,6.1481690847936,0.0265753027670241
-28.9081447321651,-8.39368341071828,0,2.17613159992365,6.082761219421,0.0268875523049806
-29.0223939406764,-8.22952793422611,0,2.18153810080331,6.01664233866484,0.0271774567350382
-29.137533719914,-8.06599588422245,0,2.1870002552291,5.94978873826644,0.0274440877637065
-29.2535693551309,-7.90309827942247,0,2.19251331229079,5.88217536691189,0.0276864830922359
-29.3705052166218,-7.7408456959545,0,2.19807232525884,5.8137757164909,0.0279036468361987
-29.4883447379075,-7.57924822628838,0,2.20367214489937,5.74456170058837,0.0280945497959864
-29.6070903940069,-7.4183154362401,0,2.20930818455174,5.67450351963195,0.0282658468957796
-29.7267439266675,-7.25805650544178,0,2.21497572917096,5.60356951117128,0.0284095994399153
-29.8473060997529,-7.09848002183196,0,2.22066704413916,5.53172598286697,0.0285035503122908
-29.968776007223,-6.93959341867301,0,2.22637845546981,5.45893702461244,0.0286105630836953
-30.0911530873826,-6.7814044783799,0,2.23210316606156,5.38516429952612,0.0286365429323337
-30.2144341517092,-6.62391902083664,0,2.23783374677315,5.31036680760381,0.0286692642372344
-30.3386161832533,-6.4671430233668,0,2.24356613351685,5.23450061876875,0.0286546033159801
-30.4636946415702,-6.31108127368811,0,2.2492914863913,5.15751857228009,0.0285989255501554
-30.5896636891973,-6.15573749419788,0,2.25500285761258,5.07936993292975,0.0285147868513398
-30.7165166037032,-6.0011146316047,0,2.26069346867246,5,0.0283913239853531
-30.8442454597697,-5.84721456017712,0,2.26635528829003,5,0.0282268724067934
-30.9728411017488,-5.69403801173315,0,2.27197998199547,5,0.0280200647600652
-31.1022931265408,-5.5415845126217,0,2.27756069622617,5,0.02778707761013
-31.2325903985483,-5.3898527790395,0,2.28308686072562,5,0.027474567412903
-31.363719455534,-5.2388393007231,0,2.28854906034125,5,0.0271474288057512
-31.4956665055686,-5.08854000319044,0,2.29393845219069,5,0.0267464897583779
-31.6284156648007,-4.93894867098695,0,2.29924520710166,5,0.0263210593837142
-31.7619504671354,-4.79005822170049,0,2.30445892179024,5,0.0258160875375693
-31.8962522456299,-4.64185921686445,0,2.309566959919,5,0.0252642937939755
-32.0313011416574,-4.4943407017789,0,2.31455864893314,5,0.0246525964324564
-32.1670757433779,-4.34748983039669,0,2.31942167255794,5,0.0239776398710678
-32.303553016636,-4.20129174743488,0,2.3241439250624,5,0.0232448852150059
-32.4407084922926,-4.05572971313037,0,2.32871037871769,5,0.0224196513639465
-32.5785152856215,-3.91078412656665,0,2.33310700638291,5,0.0215466253400522
-32.7169454243028,-3.76643372868817,0,2.33731902624349,5,0.0205735733453525
-32.8559683596446,-3.62265414187754,0,2.34132942603863,5,0.019530424680522
-32.9955518583153,-3.47941867562322,0,2.34512207898065,5,0.0183961048210283
-33.1356614161771,-3.33669772582174,0,2.34867821518648,5,0.0171652573179421
-33.2762601260166,-3.19445860909181,0,2.35197795219494,5,0.01583211285646
-33.4173085297015,-3.05266538926595,0,2.35500068868642,5,0.014395252162202
-33.5587645882743,-2.91127883181635,0,2.35772425558729,5,0.012840416958087
-33.7005832823174,-2.77025600134777,0,2.36012495125827,5,0.0111665398696291
-33.8427165790104,-2.62955023804275,0,2.36218167879663,5,0.00940073564143226
-33.9851141798168,-2.48911194694297,0,2.36388207283988,5,0.00760320490731257
-34.1277251787015,-2.34889034729144,0,2.36522013536318,5,0.00577742042221692
-34.2704981112445,-2.20883362097587,0,2.3661891757203,5,0.0039129832193757
-34.4133806114778,-2.06888866772905,0,2.36678216033843,5,0.00201686301247969
-34.5563195518881,-1.92900135894791,0,2.36699158321215,5,7.73660196812793e-05
-34.6992606568468,-1.78911626183224,0,2.36680878908432,5,-0.00190530704254426
-34.8421484447911,-1.64917670732342,0,2.36622455519221,5,-0.00393703192910103
-34.9849259952854,-1.50912468924461,0,2.36522883945489,5,-0.00602012553615125
-35.1275348101157,-1.36890087093406,0,2.36381066789596,5,-0.00816159019980636
-35.269914536755,-1.22844446491995,0,2.36195803310884,5,-0.0103647578800087
-35.4120027873598,-1.08769322551908,0,2.35965805801623,5,-0.0126349933273135
-35.5537348927045,-0.946583392798068,0,2.35689679106145,5,-0.0149776765811381
-35.6950436465496,-0.805049647066755,0,2.35365879387886,5,-0.0174022957014634
-35.8358589229638,-0.663024960529692,0,2.3499280613499,5,-0.0199050301714199
-35.9761076600217,-0.520440838709367,0,2.34568752758941,5,-0.0225003081803113
-36.1157133140497,-0.377227063288781,0,2.34091821601913,5,-0.0251928084707687
-36.2545955755278,-0.233311730275362,0,2.33560050135558,5,-0.0279843392917454
-36.3926701544127,-0.08862138793909,0,2.32971224174614,5,-0.0308982581202612
-36.5298479250111,0.056919394823566,0,2.32323119081789,5,-0.0339122527137089
-36.666035377271,0.203387173195876,0,2.31613383161056,5,-0.0370613412363809
-36.8011333860993,0.35086031799751,0,2.30839475461474,5,-0.0403294310723233
-36.935037451198,0.499418271943564,0,2.29998763047252,5,-0.0437418132065237
-37.0676367026665,0.649141891440117,0,2.29088432649166,5,-0.0472912299897811
-37.1988138466,0.800112865478867,0,2.28105580925634,5,-0.0509939464144407
-37.3284443904985,0.952413714752242,0,2.2704730175207,5,-0.0548339758370446
-37.4563968280852,1.10612689766831,0,2.2591059918948,5,-0.0588362861557227
-37.5825315656003,1.26133492905498,0,2.24692284432235,5,-0.0629951963117088
-37.7067007614838,1.41811963710671,0,2.23389402951423,4.97970583341761,-0.0672929591503012
-37.8287485546878,1.57656108267242,0,2.21998907050912,4.89872193867034,-0.0717566387388918
-37.9485098836828,1.73673752754094,0,2.20517817243139,4.8163766399971,-0.0763523509110581
-38.0658112349862,1.89872384456124,0,2.18943690289613,4.73259888424514,-0.0810603543841626
-38.1804710040502,2.06259027633987,0,2.17274064360626,4.64731121167452,-0.0859022500391172
-38.2922985346704,2.22840210216526,0,2.15506993927717,4.56042891802316,-0.0908048054429373
-38.4010963254102,2.39621711796245,0,2.1364105951302,4.47185906849238,-0.09578864745745
-38.5066592267021,2.56608526201237,0,2.1167540881473,4.3835005390761,-0.100776433727191
-38.6087770057457,2.73804612090003,0,2.09610569508239,4.29976799476046,-0.105707506622112
-38.7072365539412,2.91212701212058,0,2.07447555074609,4.22069664907876,-0.11059394431713
-38.8018217075862,3.08834264083144,0,2.05188652508924,4.1466627217458,-0.115296318000786
-38.892318511486,3.26669197460778,0,2.02838072164112,4.07717102470374,-0.119761719726593
-38.9785177303391,3.44715723810266,0,2.00399537788179,4.01075250644097,-0.124091729446712
-39.0602118672785,3.62970570037341,0,1.9787373638669,3.94575863576386,-0.128488429094531
-39.1371883275334,3.81429265693277,0,1.95258251329207,3.88159149414596,-0.133060097196515
-39.2092257319984,4.00086212837847,0,1.92550171171913,3.81855049437713,-0.137747941603361
-39.2760963914738,4.18934473713508,0,1.89746448581999,3.75627466269065,-0.142624343053766
-39.3375639909026,4.37965744138699,0,1.86843806996177,3.69510303574249,-0.147639845213421
-39.3933859240282,4.5717014506286,0,1.8383916702746,3.63487585555397,-0.152824184383615
-39.443312770739,4.765361164535,0,1.80729261094437,3.57570830866632,-0.158166446095387
-39.4870894423234,4.96050252009509,0,1.77510956401523,3.51763190640352,-0.163664062020547
-39.5244561663001,5.15697142625886,0,1.74181002355227,3.46060495248414,-0.169331383668765
-39.5551489664459,5.35459226688601,0,1.7073658866104,3.40505585962523,-0.175110028156406
-39.5789032010087,5.55316594778243,0,1.67175126600374,3.35067432638378,-0.181036221927221
-39.5954535725718,5.75246865093399,0,1.63494353460058,3.29798640065165,-0.187041139238565
-39.604538509276,5.9522501410852,0,1.59692882364252,3.2468584923358,-0.193106014391609
-39.6059027829264,6.15223265714001,0,1.55769911488019,3.19853548546432,-0.199191110416201
-39.599301160024,6.3521100361846,0,1.51725813908453,3.14862309842039,-0.205218678754671
-39.5845037465449,6.5515473849516,0,1.47562771440984,3.11083532278733,-0.211085589334942
-39.5613024435835,6.75018170307094,0,1.43284275262175,3.11083532278733,-0.216764037819958
-39.5295144080189,6.94762307905602,0,1.38895742831926,3.11083532278733,-0.222089202053213
-39.4889908435826,7.14345747924466,0,1.34405373281969,3.11083532278733,-0.226947733007707
-39.4396234059696,7.33725078997944,0,1.29823691951843,3.11083532278733,-0.23122035873162
-39.3813503229739,7.52855420942464,0,1.25163489311622,3.11083532278733,-0.234799842124361
-39.3141613448914,7.7169107735386,0,1.20440588327195,3.11083532278733,-0.237490171760245
-39.2381050784725,7.90186442600336,0,1.15673416606943,3.11083532278733,-0.239226897006841
-39.153290129391,8.08296869370606,0,1.10882006036667,3.11083532278733,-0.239914049518018
-39.0598862496101,8.25979640374032,0,1.0608839987253,3.11083532278733,-0.239446446853725
-38.958124452537,8.43195019379226,0,1.01316171581156,3.11083532278733,-0.237776264038154
-38.8482937721755,8.59907217334984,0,0.965877413706559,3.11083532278733,-0.23506668198938
-38.7307300897675,8.7608482884327,0,0.919199157404708,3.11083532278733,-0.231715853331661
-38.6057977510311,8.91700481856274,0,0.873225507361998,3.11083532278733,-0.228020656203366
-38.4738760155433,9.06730396375902,0,0.827989890693456,3.11083532278733,-0.224335551018625
-38.3353454388641,9.21153528460773,0,0.783474513236594,3.11083532278733,-0.220818286684141
-38.1905818703158,9.34951028258604,0,0.739624515608415,3.11083532278733,-0.217681760320483
-38.0399501204485,9.48105433684935,0,0.696353491089975,3.11083532278733,-0.215028558577582
-37.8838019733211,9.60600095256319,0,0.653559858905123,3.11083532278733,-0.21290783411557
-37.7224763454302,9.72418743838571,0,0.611130464985152,3.11083532278733,-0.211386174023223
-37.5562996175176,9.83545004514079,0,0.568947079194046,3.11083532278733,-0.210447749437685
-37.385588372688,9.93962192343168,0,0.526891990539491,3.11083532278733,-0.21010319319898
-37.2106517259199,10.0365305688456,0,0.48484956070724,3.07663744539315,-0.21032115982033
-37.031794702292,10.1259970534757,0,0.44271852564195,3.07247064310422,-0.210989248510181
-36.8493228548625,10.2078386951406,0,0.400405133375871,3.06531324727378,-0.212144736161849
-36.6635439886475,10.2818668472342,0,0.357824065531793,3.05573714921204,-0.213666009495288
-36.4747724537352,10.3478908290028,0,0.314912182759394,3.04438503210395,-0.215452877598936
-36.2833322803192,10.4057216876417,0,0.271621036019154,3.03183144065637,-0.2174586429078
-36.0895590543594,10.4551743478442,0,0.227921260698674,3.01885893087115,-0.219539157739216
-35.8938022288095,10.4960738545038,0,0.183807882096294,3.00622338337006,-0.221594655080634
-35.6964258761231,10.528260261992,0,0.139291491091288,2.99455379261219,-0.223569254548084
-35.497808360161,10.5515919524778,0,0.0944073123139594,2.98461811335357,-0.225272517172922
-35.2983418016103,10.5659543620506,0,0.0492223341790226,2.971242544364,-0.226577239250626
-35.0984295767689,10.5712662001578,0,0.0038158335033157,2.971242544364,-0.227487750110016
-34.8984827306347,10.5674801650958,0,-0.041711613645253,2.971242544364,-0.227786699211562
-34.6989157580219,10.5545921628261,0,-0.0872406078338713,2.971242544364,-0.227503197336177
-34.5001414302004,10.5326401949226,0,-0.13264124719904,2.97767607584023,-0.226503146144472
-34.3025649303312,10.5017091946394,0,-0.177762525751621,2.9924395928254,-0.224709576813134
-34.1065772436759,10.4619328851358,0,-0.222461520758027,3.00736219656227,-0.22228030667713
-33.9125504808365,10.4134857963322,0,-0.266606276451151,3.02613715523113,-0.219167224813561
-33.7208325645809,10.3565829719488,0,-0.31011224170439,3.04909719093467,-0.215892446589328
-33.5317491270625,10.2914575195368,0,-0.352955239966362,3.07676197311164,-0.212537542950207
-33.3456035107928,10.2183556674073,0,-0.395069054612365,3.1099739499155,-0.208600602144009
-33.1626682633628,10.1375534228172,0,-0.436314614633711,3.14965968682456,-0.203854987845862
-32.9831778722907,10.0493616256913,0,-0.476515139173793,3.19723035274956,-0.198150245957575
-32.807321810413,9.9541273272165,0,-0.515475483236192,3.25416356801711,-0.191453190886982
-32.6352395538747,9.85223037370593,0,-0.553001459642279,3.32143173117165,-0.183806591737061
-32.4670177618834,9.74407719138735,0,-0.588923199626802,3.39664209923415,-0.17541085100361
-32.3026921086784,9.63008960029254,0,-0.623111525687612,3.47778832439263,-0.166472473569304
-32.1422511614838,9.51069444185934,0,-0.655475272005825,3.56604805757333,-0.157165064686798
-31.9856410290036,9.3863153384706,0,-0.685960879190121,3.66116314457452,-0.147691088452628
-31.8327719061543,9.25736458268046,0,-0.714555860015532,3.7624587342257,-0.13825880123824
-31.6835258336679,9.12423598219271,0,-0.741289134129931,3.86902253673234,-0.129074015489029
-31.5377652187011,8.98729886757406,0,-0.766210260675098,3.98050727997781,-0.120137316024274
-31.3953361166998,8.84689887091284,0,-0.789384207898141,4.0962021675388,-0.11160220872992
-31.2560755866264,8.70335458158978,0,-0.81090727901304,4.21510657749559,-0.103628550021876
-31.1198194444206,8.55695466210126,0,-0.830868406204639,4.3372813794637,-0.0959827638232103
-30.9863983033667,8.40796588894614,0,-0.849362417168662,4.46175015678087,-0.0889573833257536
-30.8556486026538,8.25662675429033,0,-0.86649888159204,4.58815989402795,-0.0824072957790928
-30.7274106130672,8.10315305843913,0,-0.882374180587113,4.71609783590226,-0.0763457221731628
-30.6015307059697,7.94773901398076,0,-0.897080843404999,4.84528823908191,-0.070720927191234
-30.477861361581,7.79055990209992,0,-0.910713952938786,4.97518961761127,-0.0656101832163757
-30.3562649796716,7.63177139833248,0,-0.923363085218771,5.10562856596091,-0.0608811508778041
-30.2366109020939,7.47151397307695,0,-0.93509832666765,5.23653810102367,-0.0564712727606421
-30.1187743159293,7.30991527119394,0,-0.945994808259289,5.36748079352507,-0.0524935519347657
-30.0026406914804,7.14708825487211,0,-0.956128439784356,5.49828001134395,-0.048842771441275
-29.8881031012324,6.98313447340335,0,-0.965557251303374,5.62890067478779,-0.0454453502705315
-29.7750603537178,6.81814635785803,0,-0.974337514550435,5.75911182042817,-0.042357287247529
-29.6634192874297,6.6522064657094,0,-0.982524288258915,5.88882208284606,-0.0395104536869031
-29.553092924123,6.48538950377105,0,-0.990167253640972,6.01786739359052,-0.0369192029322582
-29.4440012736177,6.31776241315704,0,-0.99730544271464,6.14634264016425,-0.0344626899242715
-29.3360675530475,6.14938734775744,0,-1.00398012771485,6.27396392927874,-0.0322841619293858
-29.2292232196968,5.98031884801549,0,-1.01022888948314,6.40085113706645,-0.0302034574237799
-29.1234020991928,5.81060798961494,0,-1.01608338292797,6.5268130147338,-0.0283414783364078
-29.0185446264992,5.64030000560804,0,-1.02157456845173,6.65193050675816,-0.0265703779527473
-28.9145936438286,5.46943718247808,0,-1.02673019015334,6.7760475341542,-0.0249858397906181
-28.811497772061,5.29805701161718,0,-1.03157464290139,6.89927566623617,-0.0234586881686387
-28.7092070909974,5.12619501011177,0,-1.03613269464166,7.02142108184868,-0.0221218296335557
-28.6076777794985,4.95388210464157,0,-1.04042113359577,7.14272784069657,-0.0207625602310028
-28.5068648641476,4.78114906965943,0,-1.04446073866178,7.26289501277334,-0.0196334907160547
-28.406730986707,4.60802149157375,0,-1.04827296962987,7.38212254613738,-0.0184888192036549
-28.3072379708015,4.43452481520782,0,-1.05186897830526,7.50030423405422,-0.0174712676882373
-28.2083517967255,4.2606815348747,0,-1.05526654349181,7.61747983068055,-0.0165043843784455
-28.1100399910712,4.08651278312333,0,-1.05847520339688,7.73368903568799,-0.0155822148735293
-28.0122714444763,3.91203848656866,0,-1.0615094957769,7.84885647658831,-0.0147607091208128
-27.9150183916827,3.73727631628584,0,-1.06438446087866,7.96299912826139,-0.0139889420226259
-27.8182546628867,3.56224273042643,0,-1.06710638348969,8.07619343809548,-0.0132302841282245
-27.7219544180031,3.386953709633,0,-1.06968707717405,8.18834117474809,-0.0125766527466467
-27.6260953846353,3.21142301210589,0,-1.07213440768031,8.29957718455913,-0.0118966523819262
-27.5306542658087,3.03566472775949,0,-1.07445383340183,8.40983749524021,-0.0112976049150009
-27.435610517601,2.85969123696202,0,-1.07665708344171,8.51913467820697,-0.0107348955800242
-27.3409447975148,2.68351409114099,0,-1.07875223566186,8.62746366922228,-0.0102166266933014
-27.2466392603787,2.50714387729342,0,-1.08074322019372,8.73489870996705,-0.0096932186911298
-27.1526758179297,2.33059116766298,0,-1.08263488516373,8.84141139023751,-0.00922343107248499
-27.0590382181605,2.15386542289684,0,-1.08443464802638,8.94702566827754,-0.00877419760732399
-26.9657108863281,1.97697562870868,0,-1.08615023276389,9.05170525920567,-0.00838164980786304
-26.872680210084,1.79992963370499,0,-1.08778390611958,9.15555464894135,-0.00795508378262131
-26.7799313338486,1.62273584802371,0,-1.08933813478674,9.25852931920437,-0.0075872029237125
-26.6874514444239,1.44540152374849,0,-1.09082015206512,9.36065349798427,-0.00723296989864328
-26.5952281815962,1.2679336025959,0,-1.0922349091835,9.46191609419452,-0.00691460131140667
-26.5032504301881,1.09033831246666,0,-1.09358406741413,9.56238534665614,-0.00657698102537407
-26.4115063659336,0.912622187819503,0,-1.09487003502949,9.66203546148236,-0.00628269516029114
-26.3199856807314,0.73479092240964,0,-1.09609831627093,9.76088562281271,-0.00600011728565512
-26.2286784625473,0.556849957091888,0,-1.09727122044321,9.85895361670221,-0.00572892446416167
-26.1375751858511,0.378804489246239,0,-1.0983909928155,9.95625598693125,-0.00546879928192861
-26.0466667021075,0.200659481857364,0,-1.09946137426967,10,-0.00523501527402846
-25.9559447860661,0.0224193897680667,0,-1.10048569646418,10,-0.00500820667915768
-25.8654014478719,-0.155911484259411,0,-1.10146248058659,10,-0.00475963455068186
-25.7750279082639,-0.334328468844949,0,-1.10239816911435,10,-0.00459725073383162
-25.684818452071,-0.512828472530792,0,-1.10329339283269,10,-0.00435498645572105
-25.5947645028959,-0.691406981086957,0,-1.10414728367698,10,-0.00418392199850758
-25.5048600166541,-0.870060783424215,0,-1.10496700448247,10,-0.00401328607356846
-25.4150989569197,-1.0487866910887,0,-1.10575093341113,10,-0.00382600322317207
-25.3254746844887,-1.2275812319259,0,-1.10650006899449,10,-0.00366535261581587
-25.2359815049662,-1.40644142596542,0,-1.10721765429455,10,-0.00351050039415747
-25.1466139250824,-1.58536440941369,0,-1.10790483437945,10,-0.00336130046212546
-25.057366648014,-1.76434743098706,0,-1.10856272537394,10,-0.00321760948318414
-24.9682345687667,-1.94338784836282,0,-1.10919241501146,10,-0.00307928689552991
-24.8792127696213,-2.12248312474455,0,-1.10979580838195,10,-0.00295464681173749
-24.7902968185204,-2.30163097575074,0,-1.11037487153392,10,-0.00283598470878072
-24.7014824937547,-2.4808292309442,0,-1.11092835013903,10,-0.00269880134791572
-24.6127649059443,-2.66007539862914,0,-1.1114579697265,10,-0.00259739452884107
-24.5241404445934,-2.83936762926426,0,-1.11196639928324,10,-0.00248690103953017
-24.4356051705424,-3.01870391790628,0,-1.11245288115404,10,-0.002377917658338
-24.3471551958078,-3.19808229234359,0,-1.11291862106182,10,-0.00227948140822185
-24.2587870081235,-3.37750097230036,0,-1.11336561431342,10,-0.00219045111020893
-24.1704974304276,-3.55695834839605,0,-1.11379309358215,10,-0.00208434157820073
-24.0822826704412,-3.73645251413508,0,-1.1142018940465,10,-0.00200366305400966
-23.9941398466283,-3.91598201614205,0,-1.11459498787846,10,-0.00192727526287247
-23.9060662298697,-4.09554548000054,0,-1.11497115810398,10,-0.00183442701065115
-23.8180584982258,-4.27514124474739,0,-1.11533038844439,10,-0.00175787640353224
-23.7301139134161,-4.45476793980893,0,-1.11567455593791,10,-0.00168379852657646
-23.6422298245875,-4.63442424095372,0,-1.11600414968796,10,-0.00161213898114895
-23.5544036664754,-4.8141088691052,0,-1.11631964801817,10,-0.00154284434182235
-23.4666329575933,-4.99382058918585,0,-1.11662151866952,10,-0.00147586216784413
-23.3789152984507,-5.17355820899212,0,-1.11691021899548,10,-0.00141114108356927
-23.291248369799,-5.35332057809889,0,-1.11718619615478,10,-0.00134863053130841
-23.2036299309059,-5.53310658679307,0,-1.1174501385331,10,-0.00129079327883984
-23.1160579082113,-5.71291520902545,0,-1.11770326726334,10,-0.00124049401535285
-23.0285304985004,-5.89274555227022,0,-1.11794482711176,10,-0.00117510444823274
-22.9410453550866,-6.07259646133262,0,-1.11817440961786,10,-0.00112072062344074
-22.8536005263694,-6.25246697520879,0,-1.11839464055508,10,-0.00108158877346172
-22.7661946088635,-6.43235640078557,0,-1.11860508671197,10,-0.00102287280917843
-22.6788254939796,-6.61226370363975,0,-1.11880488386023,10,-0.000975098674769719
-22.591491466212,-6.79218804181424,0,-1.11899617489816,10,-0.000937811703882572
-22.5041911870001,-6.97212875742012,0,-1.11917818207095,10,-0.000882260016418173
-22.416922660034,-7.15208487456065,0,-1.1193515437573,10,-0.000851356833599026
-22.329684775697,-7.33205584844484,0,-1.11951681395044,10,-0.000801345075735659
-22.2424757362428,-7.51204080156561,0,-1.11967342212303,10,-0.000764736637246499
-22.1552942260157,-7.69203909099214,0,-1.11982296648332,10,-0.000730706985246146
-22.0681390219124,-7.87205011934007,0,-1.11996464048491,10,-0.000686033051917382
-21.9810085173256,-8.0520731042775,0,-1.12009873806288,10,-0.000654942701594564
-21.8939015944257,-8.23210750078839,0,-1.12022662611728,10,-0.000623937812314666
-21.8068171382519,-8.4121527657698,0,-1.12034751140159,10,-0.00058491506994188
-21.7197537449069,-8.59220821692752,0,-1.12046137369798,10,-0.000553707941808622
-21.6327102917162,-8.77227330853171,0,-1.12056908282854,10,-0.000523383363598299
-21.5456856876103,-8.95234751058294,0,-1.1206214211657,10,-0.000523383363598299
