<library path="lib/librace_tracker">
  <class name="race_tracker/PurePursuit" 
         type="race_tracker::PurePursuit" 
         base_class_type="race_tracker::ControllerPlugin">
    <description>Pure Pursuit lateral controller plugin.</description>
  </class>
  <class name="race_tracker/PIDController" 
         type="race_tracker::PIDController" 
         base_class_type="race_tracker::ControllerPlugin">
    <description>PID longitudinal controller plugin.</description>
  </class>
</library>
