10,422,422,39.7932,-86.2389,0.266973
-41.440412034699,4.13255939461287,0,3.02593422132506,1.8,0.286003838219122
-41.638980760793,4.15562849817595,0,3.06292050267398,1.8,0.289589230725211
-41.8387816181519,4.16396480593388,0,3.12469409485886,1.8,0.29145560108164
-42.0387578205787,4.16238479742476,0,-3.11126301005789,1.8,0.291797583459672
-42.2384631040039,4.15183889055523,0,-3.0662682913708,1.8,0.290928185322908
-42.4374879442817,4.13229377387754,0,-3.01980096006061,1.8,0.289206150165112
-42.6353486770438,4.10326109831874,0,-2.96989479766982,1.8,0.287037186917883
-42.8314285263068,4.0639824211873,0,-2.9153457655347,1.8,0.284850927074725
-43.0249429342094,4.01358119476143,0,-2.85574008929356,1.8,0.283104782328488
-43.2149504844259,3.95126471236639,0,-2.79194640437302,1.8,0.282251915292831
-43.400472718514,3.87665264825651,0,-2.72666974260688,1.8,0.282456966376186
-43.5807512179539,3.79013070663499,0,-2.66292678355834,1.8,0.279118056729067
-43.7552864437916,3.69253402508654,0,-2.6021380931991,1.8,0.276340841502653
-43.9237464451401,3.58478342890269,0,-2.54458540499671,1.8,0.279894985449645
-44.085922633476,3.46778331994838,0,-2.49011311050222,1.8,0.284541485312039
-44.2416723347189,3.34235170712093,0,-2.4381531569192,1.8,0.288709836888407
-44.390839553755,3.20915732121526,0,-2.38771590743977,1.8,0.291545334289755
-44.5331671481344,3.06867771799221,0,-2.33738692710156,1.8,0.292560826393795
-44.6681940007987,2.92116889862107,0,-2.28535502931851,1.8,0.291659378305016
-44.7951561612329,2.76666840117644,0,-2.23002976430393,1.8,0.289056410692358
-44.9130645282004,2.60515691636469,0,-2.17108971245731,1.8,0.285415228515738
-45.0209717214688,2.43680242298119,0,-2.10935680555072,1.8,0.281934375550939
-45.1180898319754,2.26200371331263,0,-2.04602031213076,1.8,0.279479571195286
-45.2038626454501,2.08136754716503,0,-1.98239012259849,1.8,0.278478566034012
-45.2780107807124,1.89565568507399,0,-1.91976541277168,1.8,0.279081592035946
-45.3405473152836,1.70571640711313,0,-1.85929019621762,1.8,0.281087493182865
-45.391747919196,1.51240978720503,0,-1.80168196373513,1.8,0.284097841520935
-45.4320352313033,1.31653488178633,0,-1.74690480627909,1.8,0.287551946655704
-45.4617943253732,1.11878444697431,0,-1.69430802886236,1.8,0.290743081415486
-45.4812924214063,0.919759037415967,0,-1.64300299006452,1.8,0.292857068434713
-45.4906394303758,0.719999135836413,0,-1.59197088560421,1.8,0.293299743349441
-45.489757914053,0.520023322325928,0,-1.54009940984938,1.8,0.292089523137799
-45.4783682530748,0.320371945232678,0,-1.48622242826004,1.8,0.289614497709938
-45.4559858240519,0.121655372868945,0,-1.4294656759842,1.8,0.286403003763919
-45.4220559567079,-0.0754152525969464,0,-1.36977541510001,1.8,0.283041546285609
-45.3761674883487,-0.270046616080391,0,-1.30778279643208,1.8,0.280148159884548
-45.3181279244684,-0.461404753142154,0,-1.24441642451881,1.8,0.278324668678269
-45.2480079435736,-0.648673526432596,0,-1.18079670659936,1.8,0.278081765194771
-45.1661546596229,-0.831120388181042,0,-1.11815428335382,1.8,0.27961591563758
-45.0731821436869,-1.00816233549267,0,-1.05771556804183,1.8,0.282693462513895
-44.9699232576392,-1.17941251705535,0,-1.00031069833452,1.8,0.286807491605941
-44.8572778411692,-1.3446432628669,0,-0.945948460168544,1.8,0.291178510750539
-44.7360431370269,-1.50368163582404,0,-0.893985217888037,1.8,0.294772334860836
-44.6068622874184,-1.65633772685796,0,-0.843501146981826,1.8,0.296388417037504
-44.4702133593582,-1.80234723839775,0,-0.793386322762724,1.8,0.294974072904576
-44.3264060571592,-1.94131079251722,0,-0.742345035040397,1.8,0.290284337637977
-44.1755914639115,-2.07263305166709,0,-0.688869717412524,1.8,0.282753515373643
-44.0177765149207,-2.19544798284323,0,-0.631510103773248,1.8,0.272733784390857
-43.8529279950457,-2.3086388468569,0,-0.569689856526807,1.8,0.260792787712381
-43.6811792057312,-2.4110490193539,0,-0.504001455909532,1.8,0.247762744078916
-43.5029296830875,-2.5016662676314,0,-0.435998877082399,1.8,0.234464407027198
-43.3188840548172,-2.57984297580401,0,-0.368197227968545,1.8,0.221403952176303
-43.1300169113578,-2.64553252130745,0,-0.303900019904204,1.8,0.208706730546442
-42.937454771475,-2.69946478372142,0,-0.246739727313654,1.8,0.196307060339417
-42.7423110063547,-2.74318476626067,0,-0.199257948384794,1.8,0.184032154717365
-42.5454866928809,-2.77861787993772,0,-0.161706733400431,1.8,0.171625715817647
-42.3476006890846,-2.80757430528287,0,-0.133441715052428,1.8,0.158767168675253
-42.149080302228,-2.83183125553679,0,-0.113743666297596,1.8,0.145064436484143
-41.9502020202642,-2.85297183461101,0,-0.101043475265356,1.8,0.130210339895553
-41.7511269350858,-2.8721792550863,0,-0.0932615980305673,1.8,0.114240798832002
-41.5519426351478,-2.89022220179685,0,-0.0885742709786885,1.8,0.0974272259095159
-41.3526958368151,-2.90756257971295,0,-0.0857273068600897,1.8,0.0802825712746577
-41.1534118887588,-2.92447111088582,0,-0.0839577691108283,1.8,0.0635564621012664
-40.9541049179864,-2.94110623648027,0,-0.0828227717865555,1.87616615978587,0.0481544597866107
-40.7547830815986,-2.95756235258762,0,-0.0820705505784084,1.94935865593603,0.0349896135228292
-40.5554513018986,-2.97389761425451,0,-0.0815591220004855,2.01990074277919,0.0244214583721928
-40.3561127340686,-2.99014984430367,0,-0.0812062021585284,2.08806104379508,0.0162180061474483
-40.1567694723667,-3.006344405761,0,-0.0809601329217998,2.15406566131846,0.0102900343791057
-39.9574229295877,-3.02249853172754,0,-0.0807871609841041,2.21810704103775,0.00636787353222169
-39.7580740770431,-3.03862413066595,0,-0.0806651239649832,2.28035059365378,0.00393720017358632
-39.5587235972184,-3.0547296008507,0,-0.080579299239034,2.34093973042651,0.00247298644360443
-39.3593719795694,-3.07082098143779,0,-0.0805195719119607,2.39999975354235,0.00158870022070294
-39.1600195772475,-3.08690263816879,0,-0.0804788966621545,2.45764090436225,0.0010440436646912
-38.9606666511932,-3.10297780135081,0,-0.0804523379169386,2.5,0.000698053614643021
-38.7613133949242,-3.1190488689607,0,-0.0804362785099631,2.5,0.000470418966840662
-38.5619599526525,-3.1351176291553,0,-0.0804280697095926,2.5,0.0003157120682221
-38.3626064325599,-3.15118542386102,0,-0.0804257655490793,2.5,0.000208470732993505
-38.1632529162398,-3.16725326537083,0,-0.0804278963133508,2.5,0.000133103727715965
-37.9638994646227,-3.1833219096271,0,-0.0804333387601644,2.5,7.94592515668401e-05
-37.7645461232116,-3.19939192107773,0,-0.0804412258912784,2.5,4.08819271741211e-05
-37.5651929250908,-3.21546370998558,0,-0.0804508965157683,2.5,1.29978172334994e-05
-37.3658398945316,-3.23153757717579,0,-0.0804618174952271,2.5,-7.12632220388713e-06
-37.1664870474981,-3.24761372034414,0,-0.080473572873044,2.5,-2.1566048932919e-05
-36.967134394903,-3.26369227447027,0,-0.0804858248960949,2.5,-3.1730682515484e-05
-36.7677819418601,-3.27977330258513,0,-0.0804982867295077,2.5,-3.86292328592119e-05
-36.5684296900634,-3.29585682530535,0,-0.080510754566923,2.5,-4.30107582622883e-05
-36.3690776380737,-3.31194282440317,0,-0.0805230513721199,2.5,-4.54193709055435e-05
-36.1697257818892,-3.32803124991015,0,-0.0805350051257238,2.5,-4.62346221621741e-05
-35.9703741145324,-3.34412201501399,0,-0.0805464768283489,2.5,-4.5759390246223e-05
-35.7710226275234,-3.36021501432718,0,-0.0805573626733622,2.5,-4.42044732858954e-05
-35.5716713105368,-3.37631011964994,0,-0.0805675544533176,2.5,-4.17337980858531e-05
-35.3723201516016,-3.39240718245278,0,-0.0805769548256565,2.5,-3.84462409285309e-05
-35.1729691372499,-3.40850603572593,0,-0.0805854881780768,2.5,-3.44342057636791e-05
-34.9736182530673,-3.42460650079384,0,-0.0805930557609657,2.5,-2.96733284464302e-05
-34.774267482397,-3.44070837127581,0,-0.0805995565685301,2.5,-2.41591486070895e-05
-34.574916807563,-3.45681142822585,0,-0.080604928186042,2.5,-1.78124933760349e-05
-34.3755662098902,-3.47291544037909,0,-0.0806090726948224,2.5,-1.05330357939452e-05
-34.1762156685414,-3.48902014974984,0,-0.0806118842192538,2.5,-2.23752703484711e-06
-33.9768651614252,-3.50512528286099,0,-0.0806132666249085,2.5,7.21537755770347e-06
-33.7775146646036,-3.52123054339831,0,-0.0806131032927481,2.5,1.79991655475903e-05
-33.5781641522265,-3.53733561138876,0,-0.0806112577567119,2.5,3.03121592134467e-05
-33.3788135959607,-3.55344013610891,0,-0.0806075795056509,2.5,4.43733620647284e-05
-33.1794629651123,-3.56954373757644,0,-0.0806017891037934,2.5,6.04695811315157e-05
-32.9801122223569,-3.58564595365581,0,-0.08059349105238,2.5,7.89103846219269e-05
-32.7807613242797,-3.60174624667749,0,-0.0805822312375874,2.5,0.000100048903504539
-32.5814102189602,-3.61784397344779,0,-0.0805674468839412,2.5,0.00012443537394485
-32.3820588449072,-3.63393837191393,0,-0.0805485937755535,2.5,0.000152486611121968
-32.182707132748,-3.65002858189656,0,-0.0805250506750797,2.5,0.000185056985741239
-31.983355001096,-3.66611359364567,0,-0.0804960489535613,2.5,0.000222749784560569
-31.78400235599,-3.68219224051512,0,-0.0804607412351197,2.5,0.000266674328928968
-31.5846490889926,-3.69826317488565,0,-0.0804181846203782,2.5,0.000318038497915191
-31.385295076114,-3.71432485414857,0,-0.0803672701868101,2.5,0.000378237111115426
-31.1859401736806,-3.73037548851723,0,-0.0803067296025581,2.5,0.000449313875113906
-30.9865842175185,-3.74641302964388,0,-0.0802351385576211,2.5,0.00053356616006632
-30.7872270189949,-3.76243511979416,0,-0.080150589308709,2.5,0.000634105259980516
-30.5878683537989,-3.77843894989574,0,-0.0800510853973874,2.5,0.000754928679723915
-30.3885079707552,-3.79442136608273,0,-0.0799339866548337,2.5,0.000901296070692797
-30.1891455630422,-3.81037850644203,0,-0.0797962719869988,2.5,0.00108097089293035
-29.9897807856372,-3.82630601231739,0,-0.0796344194494549,2.5,0.00130345224586301
-29.7904132231065,-3.8421986172071,0,-0.079443677954763,2.5,0.00158415817237412
-29.5910423843406,-3.85805006763779,0,-0.0792187065347613,2.5,0.00194299578314526
-29.3916676915206,-3.87385296689126,0,-0.0789524775595459,2.5,0.00241377030518405
-29.1922884412003,-3.88959825845904,0,-0.0786360289973632,2.5,0.00304577741614358
-28.9929037872964,-3.90527497083943,0,-0.0782581481602296,2.5,0.00392386626958755
-28.7935126951076,-3.92086957466014,0,-0.0778041633308335,2.5,0.00519640158267826
-28.5941138907309,-3.93636524528476,0,-0.0772549973725218,2.5,0.00713937593909385
-28.3947057927426,-3.95174084198992,0,-0.0765840598523489,2.5,0.0103125311586623
-28.1952863777347,-3.96696893022855,0,-0.0757562044043376,2.5,0.0159383706454338
-27.9958531005337,-3.98201434347147,0,-0.0747208281282373,2.5,0.0271456793995873
-27.7964025879157,-3.9968294504669,0,-0.0734064333537172,2.5,0.0530578385971458
-27.596930463296,-4.01135054314144,0,-0.0717046525006651,2.5,0.109857234083046
-27.3974307086626,-4.02548672160229,0,-0.0694481748855277,2.5,0.162660473776948
-27.1978951347321,-4.03910745709865,0,-0.0663674426580869,2.55538035827827,0.176831590435879
-26.9983121765006,-4.05201415725302,0,-0.0619946043378525,2.6095780702694,0.178248480158964
-26.7986653618794,-4.0638893053257,0,-0.0554790403758746,2.66265258089154,0.171916605100399
-26.5989318126882,-4.07419415737075,0,-0.0451473023018927,2.7,0.156466560339248
-26.3990841900523,-4.08194158414434,0,-0.0274323909657032,2.7,0.126481132495794
-26.1991178783925,-4.0851647615931,0,0.00636975926437402,2.6521953647469,0.077084525841739
-25.9992355586601,-4.07939461017326,0,0.0807416517891085,2.6,0.0297047433254247
-25.8011962048618,-4.05296590755025,0,0.246235602545197,2.6,0.00841962313706812
-25.614644244002,-3.98273299880742,0,0.465934547223961,2.6,0.00189334275256239
-25.4465193297796,-3.87461240241294,0,0.59999695340919,2.65150227896495,-0.000169016117217091
-25.284737647822,-3.75703322855903,0,0.631477599427013,2.7,-0.0013246737059395
-25.1236627564128,-3.63848147293986,0,0.622026000370795,2.7,-0.00249513001503561
-24.959695203337,-3.52398688887501,0,0.578920266568443,2.7,-0.00398076456523272
-24.7890603923401,-3.41977655612751,0,0.488623719543578,2.7,-0.00615360431757732
-24.6073713959975,-3.33668394056175,0,0.330557800086894,2.7,-0.00970709805312154
-24.4131355558464,-3.29077861397692,0,0.137711604472743,2.7,-0.0168131736756002
-24.2134802512374,-3.282095038461,0,0.00146354525417552,2.7,-0.0349779834791681
-24.0136601012475,-3.29019396315375,0,-0.0528246834072156,2.7,-0.0858887223210932
-23.8140853720011,-3.30321259263933,0,-0.0682995241859625,2.7,-0.194375911001012
-23.6145958737446,-3.31749232057175,0,-0.0724790672571032,2.7,-0.292364379903829
-23.4151358526191,-3.33217882140357,0,-0.074050562347644,2.7,-0.329275947209512
-23.2156921534438,-3.34708547638322,0,-0.0749899046738731,2.7,-0.33941175868031
-23.0162600634481,-3.36214667448008,0,-0.0757912846863795,2.7,-0.334311133809701
-22.8168405139975,-3.37737297043139,0,-0.0769121885210231,2.7,-0.315171113171653
-22.6174427237422,-3.39288121604754,0,-0.0805162264665217,2.7,-0.276646896554823
-22.4181392473546,-3.40954444305406,0,-0.0972529322916342,2.7,-0.208494853124015
-22.2193936951662,-3.43171516074321,0,-0.16096999475623,2.7,-0.118017644624269
-22.0240376153312,-3.47353664570657,0,-0.314134009355657,2.7,-0.051420324206772
-21.8415982001668,-3.5544578093649,0,-0.50778411352656,2.7,-0.0223369058484148
-21.6764210913923,-3.66696894309107,0,-0.64331161744448,2.7,-0.0112844043097098
-21.5220183497091,-3.79404808937614,0,-0.705897330935193,2.7,-0.00645625351396749
-21.3720766797279,-3.92639821104854,0,-0.725418343379996,2.7,-0.00392335732780299
-21.2227323706423,-4.05942501575146,0,-0.720046998026611,2.7,-0.00242518896555367
-21.0713795425189,-4.19015502202814,0,-0.695040949188276,2.7,-0.00141041470272401
-20.9155855562775,-4.31553825823985,0,-0.639794353726707,2.7,-0.000532346447088514
-20.7508311863412,-4.42871487423291,0,-0.515311541521709,2.7,0.00126832285247783
-20.569267069301,-4.51167676882506,0,-0.337343320784425,2.7,0.00843052941366909
-20.3754476799988,-4.56038085250507,0,-0.200327265546809,2.7,0.0335541063561021
-20.1778559411726,-4.59115310034878,0,-0.13554973098024,2.7,0.0853093039939094
-19.979218932653,-4.61442093133667,0,-0.107969296826739,2.7,0.130518213723783
-19.7802060086355,-4.63425469799759,0,-0.0948187939867038,2.66264273267767,0.153246985943915
-19.5810213209764,-4.65229110864524,0,-0.0876960176614132,2.60957891492522,0.161923722565479
-19.3817450006115,-4.66928799660364,0,-0.0834715140402857,2.5553814871825,0.163084385962069
-19.1824147200469,-4.68564089594338,0,-0.0808067332341651,2.5,0.159294436730937
-18.9830505338563,-4.70157550084029,0,-0.079053308762613,2.5,0.15062249181338
-18.7836640883968,-4.71722928327068,0,-0.0778653167646543,2.5,0.131693903737354
-18.584262585955,-4.73269015895991,0,-0.077044058614016,2.5,0.088374499848472
-18.3848506893895,-4.74801642558488,0,-0.0764685136389347,2.5,0.0427765228293205
-18.1854315181715,-4.76324776232328,0,-0.0760613722930804,2.5,0.0198501910134105
-17.9860072058368,-4.77841164637862,0,-0.0757711391304722,2.5,0.0103737855435937
-17.7865792259597,-4.79352722451803,0,-0.0755624176752339,2.5,0.00604868279034954
-17.5871486004575,-4.80860785902605,0,-0.0754100806762151,2.5,0.00378236511472791
-17.3877160242686,-4.82366267596332,0,-0.0752972161361963,2.5,0.0024661359438107
-17.1882819995796,-4.83869829280568,0,-0.0752143091680105,2.5,0.00164430841208933
-16.9888469297577,-4.85372004084139,0,-0.0751559865289592,2.5,0.00110357471005045
-16.7894111525471,-4.8687323945476,0,-0.0751183894937123,2.5,0.000733292549462717
-16.5899749537181,-4.88373914620799,0,-0.0750985226087138,2.5,0.000471337211774144
-16.3905385801563,-4.89874357556791,0,-0.0750940690071877,2.5,0.000280604225975266
-16.1911022476646,-4.91374855080917,0,-0.0751032013298755,2.55538646772126,0.000137789400936017
-15.9916661481903,-4.92875662280094,0,-0.0751244683210968,2.60959766965569,2.762111828567e-05
-15.7922304541085,-4.94377008084948,0,-0.0751567105071648,2.66270538990083,-6.03453799301325e-05
-15.592795322846,-4.95879101332085,0,-0.0751990174545007,2.7,-0.000133363312060048
-15.3933608998388,-4.97382134634543,0,-0.0752506256329254,2.69999994244507,-0.000196703664425448
-15.1939273200601,-4.98886286370326,0,-0.0753109669770534,2.64764040210568,-0.000253566192539453
-14.9944947124232,-5.00391726489934,0,-0.075379574152089,2.59422429845209,-0.000305525691243248
-14.7950631984525,-5.01898614726312,0,-0.0754560571332573,2.53968496558066,-0.000353956835663596
-14.5956328959796,-5.0340710546822,0,-0.0755401756297595,2.48394841729329,-0.000400279097918361
-14.3962039199957,-5.0491734885892,0,-0.0756317262772889,2.42693216974519,-0.000446019460767218
-14.1967763829544,-5.06429491170016,0,-0.0757305511519821,2.36854380884402,-0.000492769516690689
-13.9973503958819,-5.07943676239723,0,-0.0758365875526468,2.30867923131209,-0.000542474143209645
-13.7979260701926,-5.09460047832238,0,-0.0759498349549863,2.24722046366546,-0.000597671873274213
-13.5985035178127,-5.10978749757863,0,-0.0760702145208143,2.18403292828144,-0.000661917179301988
-13.3990828487351,-5.12499922628912,0,-0.0761977557416476,2.11896197494576,-0.000740672210100274
-13.1996641768152,-5.14023711424,0,-0.0763324928331493,2.05182842130004,-0.000842926183064972
-13.0002476141787,-5.15550258111693,0,-0.0764749514821412,1.98242273218168,-0.000984704698275704
-12.8008332919308,-5.17079728627466,0,-0.076626861252143,1.91049729315665,-0.00119642183946605
-12.6014213765003,-5.18612333909019,0,-0.0767911196129568,1.8357559546232,-0.00152355744895187
-12.402012089657,-5.20148355435482,0,-0.0769716469319688,1.75783956683997,-0.00144164016629954
-12.2026057208791,-5.21688160475809,0,-0.0771736887008136,1.67630544976342,0.00552538625176657
-12.0032026572941,-5.23232239676355,0,-0.077404760402182,1.59059736571461,0.0375012824490955
-11.8038034261801,-5.24781259983662,0,-0.0776758886485946,1.5,0.098215492718754
-11.6044087652149,-5.26336151713875,0,-0.0780041962621917,1.5,0.162016081741516
-11.4050197489581,-5.27898264537434,0,-0.0784178224449554,1.5,0.214735228876851
-11.2056380205936,-5.29469650692442,0,-0.0789662287614402,1.5,0.261964818154674
-11.0062662609849,-5.31053631785279,0,-0.0797418272455273,1.5,0.308212290703804
-10.8069091559178,-5.32655944005407,0,-0.0808960157106157,1.5,0.347069050345502
-10.607574508905,-5.3428594321418,0,-0.0814705710033105,1.5,0.372362972962131
-10.4082361518879,-5.35911161040241,0,-0.0674662447658903,1.5,0.385223542773495
-10.2085584886291,-5.36982046317214,0,0.0102618920439648,1.5,0.390459344619183
-10.0094291882333,-5.35501895273294,0,0.195497026931245,1.5,0.392413310767512
-9.81996963954781,-5.2928696617251,0,0.444573893188425,1.5,0.393172582007709
-9.65219471525154,-5.18483950553068,0,0.677482565184386,1.5,0.393503975408442
-9.51062835367152,-5.04400269284259,0,0.877210363684272,1.5,0.393690049687902
-9.39799726448282,-4.87908686191566,0,1.06403272245013,1.5,0.393851564042975
-9.31758636071181,-4.6962528251272,0,1.23411916781889,1.5,0.394041893005518
-9.26638714478143,-4.5030607699585,0,1.36225374608962,1.5,0.394302562640864
-9.23491637055105,-4.30559849811116,0,1.43838659863058,1.5,0.394686975572694
-9.21360238884095,-4.10674612239496,0,1.47439589919446,1.5,0.394678634898139
-9.19641891313439,-3.90748687568535,0,1.48857313866234,1.5,0.387811703122741
-9.1807505089203,-3.70810172666182,0,1.49376852835042,1.5,0.35597816043471
-9.1656382970514,-3.50867351322679,0,1.49567872874865,1.5,0.295476188247149
-9.1507317250843,-3.30922980452062,0,1.49638535646405,1.5,0.232006675798998
-9.13590136964212,-3.10978041150287,0,1.4966669075527,1.5,0.179830790635332
-9.12110710701605,-2.91032833775164,0,1.49682218787257,1.5,0.133544921801924
-9.10633869339439,-2.7108743482929,0,1.49694858657966,1.5,0.0889445359324621
-9.09159485220662,-2.51141854093129,0,1.49708456323591,1.5,0.0527818180161185
-9.07688068131272,-2.31196054265358,0,1.49726215260648,1.5,0.0341159960661029
-9.06220768354298,-2.11249951154032,0,1.49751794446303,1.5,0.0350475541761613
-9.04759555409989,-1.91303401273917,0,1.49790401589665,1.5,0.0507494868361285
-9.03307657326654,-1.71356171370158,0,1.49850716267725,1.5,0.0758901231663308
-9.01870506877831,-1.51407873953265,0,1.49948054456705,1.5,0.104641015385033
-9.00457444186132,-1.31457857036469,0,1.50110884198202,1.5,0.132978545984292
-8.99085265126089,-1.11504990386331,0,1.50395526491381,1.5,0.159505065899256
-8.97785798240765,-0.915472698017014,0,1.50900213912772,1.5,0.184190645608366
-8.96615087891575,-0.715816191887099,0,1.51754191555285,1.5,0.207779016046951
-8.95656671424599,-0.516047818759523,0,1.53603379855233,1.5,0.231482893822785
-8.95225040539723,-0.316107813225254,0,1.57670813211882,1.5,0.256332499406539
-8.95893020913399,-0.116260067953069,0,1.64598462356479,1.5,0.282790672039272
-8.98226220231467,0.0822948883644809,0,1.74184675912862,1.5,0.310419085228507
-9.02688508847653,0.277137569995126,0,1.85483039926114,1.5,0.337058939443543
-9.0940962128018,0.465383766242429,0,1.97092022322331,1.5,0.359595198920417
-9.18235883041748,0.644740564178305,0,2.08135512135646,1.5,0.376825366606371
-9.28919271639978,0.813712795722195,0,2.18406003481267,1.5,0.387336047962259
-9.41219883764304,0.971316202485216,0,2.28076205251508,1.5,0.390906067920414
-9.54952731698487,1.11661444664191,0,2.37547174473087,1.5,0.389959443363716
-9.70000758091974,1.24823715888302,0,2.47271378830206,1.5,0.386651258236415
-9.86281571856808,1.36424729859171,0,2.57550658072119,1.5,0.379253447829996
-10.0369779402845,1.46236848303168,0,2.68393678716212,1.5,0.364861493546669
-10.220919655313,1.54062516298019,0,2.79286325169884,1.5,0.343554404854091
-10.4121869590953,1.59879045312888,0,2.89181965071479,1.5,0.316276304738685
-10.6079723802538,1.63936236652889,0,2.97232463653621,1.5,0.286701404082678
-10.8061458458781,1.66611935259274,0,3.02943314158891,1.5,0.258047911654735
-11.0053269097927,1.68411728287495,0,3.06043972209033,1.5,0.231410355028761
-11.2048054092025,1.69854295453163,0,3.07073317663843,1.5,0.206689247169589
-11.4043221765037,1.71243729352985,0,3.07076335225965,1.5,0.183090553117182
-11.6038020227301,1.72685096018011,0,3.06784373584907,1.5,0.159380113578942
-11.8032341993465,1.74191007607334,0,3.06494040521899,1.5,0.134512879022944
-12.0026270429658,1.75748180940382,0,3.06282151689196,1.5,0.10801687412749
-12.2019936735168,1.77338594151684,0,3.06151377153159,1.5,0.0803205277065998
-12.4013451409587,1.78947913384435,0,3.06078623017601,1.5,0.0535670953040876
-12.6006884305944,1.80567334493083,0,3.06041649068362,1.5,0.0308440703272758
-12.8000279467656,1.82191394937672,0,3.06026912134763,1.5,0.0133049453726486
-12.999366455689,1.83816691401756,0,3.06025754269704,1.5,0.00226953481351173
-13.1987055958242,1.85441213463296,0,3.06032111947391,1.5,-0.00222954752931875
-13.3980461696777,1.8706397525361,0,3.06041374742086,1.5,-0.0029196627851732
-13.5973883158905,1.88684804412035,0,3.06050134260283,1.5,-0.00229895156334248
-13.7967317296527,1.90304073923065,0,3.06056800950119,1.5,-0.00152513591775554
-13.9960760352581,1.91922245162988,0,3.0606122703538,1.5,-0.00092180307676026
-14.1954208816765,1.93539750046047,0,3.06063531893873,1.5,-0.000547152656889595
-14.3947659330174,1.95157002363551,0,3.06063777837718,1.5,-0.000353216337542977
-14.5941108589981,1.96774409191328,0,3.06061971477491,1.5,-0.000268267900123175
-14.7934553259284,1.98392381685618,0,3.06058063935628,1.5,-0.000247281588079885
-14.9927989872552,2.00011346405513,0,3.06051947979181,1.5,-0.000259456107633779
-15.1921414735575,2.01631757251468,0,3.06043475254947,1.5,-0.000278505382639256
-15.3914823885458,2.03254099915288,0,3.06032612326908,1.5,-0.000281271913243145
-15.5908213495786,2.04878841608454,0,3.06019556094662,1.5,-0.000246588248233934
-15.7901580213468,2.06506389498754,0,3.06004652735457,1.5,-0.000155307303261239
-15.9894921306224,2.08137072759279,0,3.05988360546583,1.41421355892138,8.79580281545006e-06
-16.1888234884855,2.09771115823987,0,3.05971303353276,1.31148770326383,0.000260285029950538
-16.3881520231644,2.11408599150182,0,3.05954326168156,1.2,0.000416042796160594
-16.5874778212789,2.13049410291554,0,3.059385391689,1.2,-0.0002222189638779
-16.7868011759264,2.14693187135652,0,3.0592556459429,1.2,-0.00269597484323053
-16.9861227097228,2.16339170557908,0,3.05918161971302,1.2,-0.00831590334271347
-17.1854436286821,2.17985898416501,0,3.05920156488979,1.2,-0.0184232368664153
-17.3847658187787,2.1963108673573,0,3.05935802711324,1.09544510909907,-0.0336961532129669
-17.5840918800863,2.21271577267498,0,3.05969755151553,0.959166300102544,-0.0522791486251315
-17.783425193384,2.2290323023868,0,3.06027498651441,0.8,-0.0694862133854997
-17.9827700619188,2.24520700069054,0,3.06115043204433,0.8,-0.0821393377622145
-18.1821316293766,2.26117449395207,0,3.06198797463625,0.8,-0.089133029800078
-18.3815033164058,2.27701525042173,0,3.06102542728126,0.8,-0.0902487395943111
-18.5808335401397,2.29336648476055,0,3.05478335594383,0.8,-0.0852444665049932
-18.7799900019266,2.3116947567433,0,3.03855710222344,0.8,-0.073508368688425
-18.9786771528658,2.3345042010123,0,3.00704209144767,0.8,-0.0552053537076864
-19.1762642400722,2.3653377848012,0,2.95619791378816,0.8,-0.0315984313549407
-19.3715762349412,2.40819180904116,0,2.88837612351893,0.8,-0.00446204912024037
-19.5631546829021,2.46545380988416,0,2.81666321003508,0.8,0.023843060042152
-19.7503460550798,2.53578769192954,0,2.75679400799254,0.8,0.0507758435474216
-19.9337435335636,2.6155377084997,0,2.71733840520279,0.8,0.0742731076670792
-20.1148341503431,2.7004214791508,0,2.70094950150393,0.8,0.0931053271033617
-20.2955309880922,2.78614453842967,0,2.70855659393266,0.8,0.107139942859059
-20.4778859239343,2.868260605413,0,2.74187813050184,0.8,0.117649066356698
-20.6638622390512,2.94174856246479,0,2.80182485387245,0.8,0.126317208992487
-20.8546812855725,3.00144858853895,0,2.88556984320483,0.8,0.134844769888243
-21.0502497935467,3.04289221835942,0,2.98707758068405,0.8,0.144729114293057
-21.2491408193752,3.06288826774579,0,3.09812013972355,0.8,0.156579539980343
-21.4490175570057,3.0602385842607,0,-3.07424698654245,0.8,0.168237860077347
-21.6474576004786,3.03602273047292,0,-2.97280863439182,0.8,0.17445908016381
-21.8427440382957,2.99314551619364,0,-2.88727508630888,0.8,0.1712802067511
-22.0342140370805,2.9354869045883,0,-2.82070528194556,0.8,0.157161755893372
-22.2221206298712,2.86705040479777,0,-2.77258131552289,0.8,0.132313642890412
-22.4071896508054,2.79124746161419,0,-2.74046931765089,0.8,0.0978509862744499
-22.5903313634964,2.71088561027628,0,-2.72230453544135,0.8,0.0554992432292863
-22.7725324091141,2.62840726472232,0,-2.71699645360418,0.8,0.00812191307584165
-22.9548127322157,2.54610477521768,0,-2.72437207274999,0.8,-0.0408428824483602
-23.1382075730511,2.46632432268216,0,-2.74517479000215,0.8,-0.0884561819004872
-23.3237440984816,2.39167854350312,0,-2.78112577533645,0.959132810798945,-0.132123947190448
-23.5123776078376,2.32528617748217,0,-2.83490917821655,1,-0.169881774051336
-23.704821852897,2.27100092082754,0,-2.90895867028105,1,-0.200358837556928
-23.9011366598839,2.23318003394276,0,-3.00328015720243,1,-0.222774067375263
-24.1002875058041,2.21595159304868,0,-3.11429568513468,1,-0.2370010642209
-24.3000623932798,2.2222878653074,0,3.04857982479149,1,-0.243569985429945
-24.4975642153469,2.25301035519725,0,2.92906657507971,1,-0.242841312935123
-24.690181994216,2.30646971031541,0,2.82012730220571,1,-0.234664775486525
-24.8764222036067,2.37917630553797,0,2.72847887640879,1.13114278147179,-0.218425792850247
-25.0561217192844,2.46687507673938,0,2.65695788124302,1.2,-0.193611275026116
-25.2301373114558,2.56541300329688,0,2.60492317208938,1.2,-0.160422830042482
-25.3997816698988,2.67132229909254,0,2.56989146239216,1.2,-0.119748758416044
-25.566487610742,2.78181112713689,0,2.5496415153312,1.2,-0.0731498399554306
-25.7317126393883,2.89450776661523,0,2.54292833816884,1.2,-0.0228011042355502
-25.8969226065955,3.00722653068756,0,2.54946136758053,1.2,0.0288180511494361
-26.0636034895943,3.11775308932813,0,2.56989305220382,1.2,0.0792975626055076
-26.2332717488833,3.22362315407723,0,2.60586780090132,1.2,0.126067723915705
-26.4074490855627,3.32187123926282,0,2.66000560270364,1.2,0.166890897815593
-26.587532145684,3.40877016330242,0,2.73473516522435,1.2,0.200251120594021
-26.7743480643095,3.47996806159166,0,2.82993721430412,1.2,0.225410805441742
-26.967564722208,3.531199093828,0,2.94171213823421,1.2,0.242321906279387
-27.1654676749406,3.55920327982764,0,3.0624772675545,1.2,0.25151446106056
-27.365313138706,3.56273293348349,0,-3.1008605018262,1.2,0.25338734797317
-27.5642297378674,3.54295185434433,0,-2.99124639307272,1.2,0.247816309752321
-27.7601089325521,3.50292555304143,0,-2.8980643444772,1.2,0.234103560927345
-27.9519700457078,3.44661406948827,0,-2.82387246376591,1.2,0.211290800271103
-28.1398239639137,3.37805203705757,0,-2.76819661008867,1.2,0.179214948781038
-28.3242698028767,3.30075623285185,0,-2.72876879125177,1.2,0.138574873079259
-28.5061572526166,3.21760075238384,0,-2.70337887237698,1.2,0.0909004583737293
-28.6864521897118,3.13103747502302,0,-2.69076009109769,1.2,0.038669394151818
-28.8661880309035,3.04331622032166,0,-2.69058865454175,1.2,-0.0149620023537896
-29.0464532661009,2.95669113487986,0,-2.7034898817687,1.2,-0.0667093026251757
-29.2283868817426,2.87363878138629,0,-2.73113591644645,1.2,-0.113025051451302
-29.4131498689961,2.79711418669467,0,-2.77641556489608,1.2,-0.151116057058016
-29.6018203555369,2.73086582145933,0,-2.84293142596537,1.2,-0.178738337805645
-29.7950520607717,2.679537967349,0,-2.93227497904892,1.2,-0.192892818192775
-29.9924284447105,2.64788924791613,0,-3.0417319503538,1.2,-0.189859370588394
-30.1921334573925,2.63975280383096,0,3.11895971552001,1.2,-0.171038837250041
-30.3912600548786,2.65691752067921,0,2.99387538934271,1.2,-0.151580120335711
-30.5867756340233,2.698476010235,0,2.87735135418829,1.2,-0.141205156669993
-30.7766042357143,2.76117938056843,0,2.77836817179136,1.31105834027064,-0.136349191764053
-30.9601899679803,2.84040656457553,0,2.70300544642887,1.41353840690106,-0.132410148481408
-31.1385075862415,2.93093223064819,0,2.65403797398002,1.5,-0.126726250666471
-31.3135051177518,3.02775235051337,0,2.63222550721069,1.5,-0.117651614564833
-31.4877217559933,3.12597817389473,0,2.64185422808033,1.5,-0.103837580464391
-31.6645369604464,3.21940271260783,0,2.69379777016213,1.5,-0.084279752386523
-31.8479178615314,3.29899415593623,0,2.79318316389264,1.5,-0.0590896660793825
-32.0395845343263,3.35563015524688,0,2.90919111133465,1.5,-0.0295016457942452
-32.2363825152934,3.39093519121652,0,2.99424024369202,1.5,0.00218697190863475
-32.4349977621262,3.41432064035253,0,3.03731669820897,1.5,0.033056838772696
-32.6341618883531,3.43256501180019,0,3.05507769961142,1.5,0.0604574517629332
-32.8334948620014,3.44888287256223,0,3.06142218603291,1.59059636692784,0.0825524835116454
-33.0328764138696,3.46459880145782,0,3.0632927760711,1.67630443917077,0.0981406809990143
-33.2322692714011,3.48017082692741,0,3.06378930200091,1.75783859761296,0.107037231923106
-33.4316663471305,3.49568875308196,0,3.06401510121296,1.8,0.109047317371471
-33.6310662174202,3.51117073152763,0,3.06416564162397,1.8,0.102222407930481
-33.830467956578,3.52662862236877,0,3.06426538319836,1.8,0.0830716411410946
-34.0298709114414,3.54207082360408,0,3.06432884551691,1.8,0.0525299250522255
-34.2292746110481,3.55750340533264,0,3.0643661709053,1.8,0.0250782062028957
-34.4286787181573,3.57293072094172,0,3.06438517357314,1.8,0.0100011651823571
-34.6280830041511,3.58835572425542,0,3.06439250041373,1.8,0.00353783418009836
-34.8274873373085,3.60378011785884,0,3.06439412139403,1.8,0.00111997021593955
-35.0268916733087,3.61920447471163,0,3.06439421354504,1.8,0.000361136492005448
-35.2262960093089,3.63462883156443,0,3.06439421354503,1.8,0.000169258632614896
-35.4257003453091,3.65005318841723,0,3.06439421354503,1.8,7.93600405944399e-05
-35.6251046813092,3.66547754527003,0,3.06439421354504,1.8,-8.20520689418132e-07
-35.8245090173094,3.68090190212282,0,3.06439421354503,1.8,-8.10566811948055e-05
-36.0239133533096,3.69632625897562,0,3.06439421354504,1.8,-0.000167289000273428
-36.2233176893097,3.71175061582841,0,3.06439421354504,1.8,-0.000263854910183136
-36.42272202531,3.72717497268122,0,3.06439421241055,1.8,-0.000374446673320914
-36.6221263612752,3.74259932998646,0,3.06439327451071,1.8,-0.000502478362186514
-36.8215306683418,3.7580240608818,0,3.06438439435282,1.8,-0.000651417350416422
-37.0209347303273,3.77345195966805,0,3.06435356240003,1.8,-0.000822567451190988
-37.2203380858305,3.78888898657971,0,3.06428653544915,1.8,-0.00101243725016183
-37.4197400777548,3.80434361611209,0,3.06417217635979,1.8,-0.00121264058957549
-37.6191398971108,3.81982624977613,0,3.06400188332459,1.8,-0.00141171616417144
-37.8185366134965,3.83534879192508,0,3.06376868793791,1.8,-0.00159740903021842
-38.0179291896929,3.85092442209755,0,3.06346655379968,1.8,-0.0017599168256455
-38.2173164891689,3.86656745045839,0,3.06308956385935,1.8,-0.00189361538125456
-38.4166972639958,3.88229341410268,0,3.06263131959808,1.8,-0.00199753656657813
-38.6160701417795,3.89811917193659,0,3.06208470508916,1.8,-0.00207407432598916
-38.8154336037111,3.91406309485488,0,3.06144614884471,1.8,-0.00212688305712723
-39.0147861057241,3.93014346115145,0,3.06072420210236,1.8,-0.00215749988613243
-39.2141263367771,3.94637522681151,0,3.05994403475234,1.8,-0.00216619297501879
-39.4134535043392,3.96276662994832,0,3.05914545585047,1.8,-0.00215340312544208
-39.6127675565804,3.97931675258528,0,3.05837591896843,1.8,-0.00212757212345358
-39.8120692618171,3.99601491551198,0,3.05767951764564,1.8,-0.00218687995324067
-40.0113600717805,4.01284262732244,0,3.05708712601723,1.8,-0.00223441603417059
-40.210641855659,4.02977690798653,0,3.05661190760908,1.8,-0.00226643398451339
-40.4099165838022,4.04679402565047,0,3.05625098971971,1.8,-0.00227809932580576
-40.6091860933209,4.06387215072571,0,3.05599135985853,1.8,-0.00226312900828218
-40.8084519591176,4.08099274150154,0,3.05581562845996,1.8,-0.00221310315180722
-41.0077154544563,4.09814090137874,0,3.05570617667249,1.8,-0.00212010559130984
-41.2069775679419,4.11530511177351,0,3.05564734324338,1.8,-0.00198033139230093
-41.4062390442231,4.13247671824933,0,3.05562878454521,1.87616630368835,-0.00179633628955413
