10,428,428,39.7932,-86.2389,0.266973
-21.2993954058622,1.43852664185371,0,3.0923527260097,1.8,0.286003838219155
-21.4990573972119,1.44836593715552,0,3.12933900735862,1.8,0.289589230725272
-21.6989709921278,1.44342314480586,0,-3.09207270763608,1.8,0.291455601081685
-21.8984014027347,1.42857426306004,0,-3.04484450537325,1.8,0.291797583459708
-22.0969664278644,1.40479723265447,0,-2.99984978668615,1.8,0.290928185322943
-22.2942552354598,1.37208599557717,0,-2.95338245537597,1.8,0.28920615016514
-22.4897528160106,1.32998538016554,0,-2.90347629298518,1.8,0.287037186917923
-22.6827934158612,1.2777795512429,0,-2.84892726085005,1.8,0.28485092707476
-22.8725360308269,1.21464596464179,0,-2.78932158460891,1.8,0.283104782328522
-23.0579887086189,1.1398561430273,0,-2.72552789968839,1.8,0.282251915292858
-23.2381499060973,1.05309553920907,0,-2.66025123792223,1.8,0.282456966376221
-23.4122884760434,0.954799342947924,0,-2.59650827887368,1.8,0.279118056729086
-23.5799614087516,0.845834004676908,0,-2.53571958851447,1.8,0.276340841502679
-23.7408986001348,0.727140350836386,0,-2.47816690031207,1.8,0.279894985449659
-23.8949519464503,0.599634633131336,0,-2.42369460581757,1.8,0.284541485312064
-24.0420333791901,0.464142526066145,0,-2.37173465223456,1.8,0.28870983688841
-24.1820316306439,0.321341639298567,0,-2.32129740275513,1.8,0.291545334289767
-24.314721820559,0.171725542090295,0,-2.27096842241692,1.8,0.29256082639381
-24.4396608393092,0.015580275346721,0,-2.21893652463387,1.8,0.291659378305048
-24.5560889122027,-0.147006002472319,0,-2.16361125961929,1.8,0.289056410692337
-24.6630178373188,-0.315986911750723,0,-2.10467120777267,1.8,0.28541522851575
-24.7595134720013,-0.491131966744373,0,-2.04293830086607,1.8,0.281934375550926
-24.8448161121638,-0.671990961188853,0,-1.97960180744611,1.8,0.279479571195273
-24.9184110403876,-0.857921557357419,0,-1.91597161791384,1.8,0.278478566033997
-24.9800700493039,-1.04814513187869,0,-1.85334690808704,1.8,0.279081592035932
-25.0298624876784,-1.24181614300117,0,-1.792871691533,1.8,0.281087493182855
-25.0681205005517,-1.43809470931007,0,-1.73526345905048,1.8,0.284097841520925
-25.0953188280236,-1.63621158661319,0,-1.68048630159439,1.8,0.2875519466557
-25.1118876728169,-1.83550110347351,0,-1.62788952417771,1.8,0.290743081415477
-25.1181335243602,-2.03538176471236,0,-1.5765844853799,1.8,0.292857068434692
-25.1142019229509,-2.23532157407035,0,-1.52555238091954,1.8,0.293299743349426
-25.1000500190996,-2.43479795532284,0,-1.47368090516472,1.8,0.292089523137808
-25.0754346727233,-2.63325319328648,0,-1.4198039235754,1.8,0.289614497709943
-25.0399128389291,-2.83004610114865,0,-1.36304717129957,1.8,0.286403003763917
-24.9929782687114,-3.02443029144709,0,-1.30335691041538,1.8,0.283041546285611
-24.9342733580182,-3.21558690953886,0,-1.24136429174744,1.8,0.280148159884576
-24.8636613867291,-3.40267105399219,0,-1.17799791983414,1.8,0.278324668678277
-24.7812670442882,-3.58487307786716,0,-1.1143782019147,1.8,0.278081765194779
-24.687485298266,-3.76148508642944,0,-1.05173577866921,1.8,0.279615915637561
-24.5829675594858,-3.93196611794799,0,-0.991297063357224,1.8,0.282693462513935
-24.4685705286442,-4.09598545085625,0,-0.933892193649865,1.8,0.286807491605948
-24.3452071717613,-4.25337563921539,0,-0.879529955483876,1.8,0.291178510750559
-24.2136844515286,-4.40401703997871,0,-0.827566713203402,1.8,0.294772334860856
-24.0746566962939,-4.54776284795141,0,-0.777082642297197,1.8,0.296388417037532
-23.9286184603283,-4.68438107746757,0,-0.726967818078061,1.8,0.294973350480561
-23.7759052716642,-4.81349378616548,0,-0.675926530355748,1.8,0.29026854976833
-23.6167073926328,-4.93451697649117,0,-0.622451212727878,1.8,0.282703193794361
-23.4510892215833,-5.04658698524911,0,-0.565091599088606,1.8,0.272655232702801
-23.2790917342357,-5.14858733106835,0,-0.50327135184216,1.8,0.260702075919078
-23.1009247029093,-5.23937278700813,0,-0.437582951224883,1.8,0.247667132838938
-22.9170539643407,-5.31795986932025,0,-0.369580372397744,1.8,0.234361934500505
-22.7282255746607,-5.38374915596305,0,-0.301778723283894,1.8,0.221290714103333
-22.5354150697589,-5.43675881042784,0,-0.237481515219566,1.8,0.208581023951569
-22.3396980426662,-5.47779186967659,0,-0.180322666597454,1.8,0.196168726790521
-22.1420829475958,-5.50846439682487,0,-0.132872461232711,1.8,0.183881885671484
-21.9433422653521,-5.53076877560375,0,-0.0954204489209762,1.8,0.171464428555514
-21.7439738600909,-5.54656785973022,0,-0.0672809593160352,1.8,0.158595760532756
-21.5442847152609,-5.55765833655083,0,-0.0476636894939336,1.8,0.144883976907092
-21.344444719212,-5.56562532658889,0,-0.0349976170163757,1.8,0.130021884969786
-21.1445360723111,-5.57165430116695,0,-0.02723926120125,1.8,0.114045249496865
-20.9445954237661,-5.57651962056176,0,-0.0225871878106892,1.8,0.0972253364511244
-20.7446389346917,-5.58068838931177,0,-0.0197866918252243,1.8,0.0800750424128796
-20.5446740301309,-5.58443377479077,0,-0.0180673450257601,1.8,0.0633438550590233
-20.3447043376445,-5.58791493199907,0,-0.0169814726021775,1.87616617465915,0.047937297190435
-20.1447317519672,-5.59122603653818,0,-0.016275158819573,1.94935868063029,0.0347690593836081
-19.9447573340814,-5.59442470778315,0,-0.0158060084329216,2.01990077386399,0.02421224138655
-19.7447817264935,-5.59754817650888,0,-0.0154914332181076,2.08806107880358,0.0160399370400444
-19.5448053343642,-5.60062103315917,0,-0.0152794575478449,2.15406569857645,0.0101371106197958
-19.3448284199283,-5.60365972168922,0,-0.0151366651290387,2.21810707945434,0.00622430364009953
-19.1448511581071,-5.6066754679938,0,-0.0150414971819534,2.28035063251552,0.00379596858286928
-18.9448736687907,-5.60967609368619,0,-0.0149796315143544,2.34093976925412,0.00233628021391459
-18.7448960352978,-5.61266709651503,0,-0.0149413393659218,2.39999979203026,0.00146062802846679
-18.5449183167402,-5.61565240706362,0,-0.0149199315827368,2.45764094230934,0.000926505036157349
-18.3449405553581,-5.61863484773426,0,-0.0149107119069725,2.5,0.000591384410796758
-18.1449627817838,-5.62161647082294,0,-0.0149103370444586,2.5,0.00037408772788684
-17.9449850181654,-5.62459876156524,0,-0.0149163564789146,2.5,0.000228959341393706
-17.7450072805019,-5.6275827921599,0,-0.014926994388716,2.5,0.000130558561723233
-17.5450295803809,-5.63056933759233,0,-0.0149409080171536,2.5,6.31197196319063e-05
-17.3450519258334,-5.63355893301769,0,-0.0149570852255747,2.5,1.64717030632869e-05
-17.145074322446,-5.63655194861041,0,-0.0149747664881611,2.5,-1.58522063647989e-05
-16.945096773744,-5.63954861574873,0,-0.0149933719547158,2.5,-3.81114806914355e-05
-16.7451192818683,-5.64254907269259,0,-0.01501242583789,2.5,-5.31558873695183e-05
-16.5451418475078,-5.64555336052643,0,-0.0150315661874652,2.5,-6.29358683049842e-05
-16.3451644706382,-5.6485614727463,0,-0.0150505283743379,2.5,-6.88120713894986e-05
-16.1451871503571,-5.65157334459694,0,-0.0150690647432526,2.5,-7.17134471216069e-05
-15.9452098851435,-5.65458887052361,0,-0.0150869727126714,2.5,-7.23191360668437e-05
-15.7452326728633,-5.6576079047478,0,-0.0151040767420091,2.5,-7.11154152854947e-05
-15.5452555109215,-5.66063027150673,0,-0.0151202747914317,2.5,-6.84372830427145e-05
-15.3452783965506,-5.66365578421088,0,-0.0151354262121227,2.5,-6.45430852852195e-05
-15.1453013262864,-5.66668421084464,0,-0.0151494246220073,2.5,-5.95902980595414e-05
-14.9453242966981,-5.66971532227084,0,-0.0151621663230189,2.5,-5.36680792812874e-05
-14.7453473036728,-5.67274884499971,0,-0.0151735229354064,2.5,-4.67572795634644e-05
-14.5453703429819,-5.67578449854836,0,-0.0151834274956162,2.5,-3.8813784437309e-05
-14.3453934100868,-5.67882198264498,0,-0.015191762926277,2.5,-2.97367036894713e-05
-14.1454165000301,-5.68186096998139,0,-0.015198402110084,2.5,-1.9404551115844e-05
-13.9454396074851,-5.68490110944498,0,-0.0152032254670828,2.5,-7.64435446758e-06
-13.7454627267536,-5.68794202590131,0,-0.0152060996699266,2.5,5.78007473566549e-06
-13.5454858516877,-5.69098331491315,0,-0.0152068687080428,2.5,2.10425380062768e-05
-13.3455089756336,-5.69402453894917,0,-0.0152053521540757,2.5,3.85859754112278e-05
-13.1455320913441,-5.69706522140955,0,-0.0152012835331709,2.5,5.8647473141818e-05
-12.9455551905499,-5.70010481818526,0,-0.0151942230013163,2.5,8.17502729218085e-05
-12.7455782633435,-5.70314267675901,0,-0.0151835683017491,2.5,0.000108409783420829
-12.545601297824,-5.70617801214641,0,-0.0151686675104824,2.5,0.000139275764664751
-12.3456242801758,-5.70920991108987,0,-0.0151488112449828,2.5,0.000175096142477487
-12.145647194277,-5.71223730488339,0,-0.0151231628994113,2.5,0.000217039844747393
-11.9456700213709,-5.71525894566347,0,-0.0150907015974669,2.5,0.000265992643648404
-11.7456927393552,-5.71827335641736,0,-0.0150504318449185,2.5,0.000323657820423149
-11.5457153237479,-5.72127889112495,0,-0.0150010180894797,2.5,0.000391807714552013
-11.3457377448184,-5.72427353860689,0,-0.0149409596486314,2.5,0.000473049093946994
-11.1457599696622,-5.72725505262892,0,-0.0148686294763534,2.5,0.000570161596095758
-10.9457819596521,-5.73022077125366,0,-0.0147818465530447,2.5,0.000687323587399759
-10.7458036700655,-5.73316757591843,0,-0.0146781521861096,2.5,0.000829970230341311
-10.5458250493644,-5.73609182129243,0,-0.0145546840443286,2.5,0.00100533939214765
-10.3458460382903,-5.73898924397095,0,-0.0144074913193381,2.5,0.00122317268404185
-10.1458665655247,-5.74185461842105,0,-0.0142323375445017,2.5,0.00149833737761095
-9.94588655191814,-5.74468198676323,0,-0.0140239250034099,2.5,0.00185167722255838
-9.74590590243066,-5.74746400450296,0,-0.0137751690959123,2.5,0.00231525650329461
-9.54592450729593,-5.75019188007471,0,-0.0134771555272904,2.5,0.00293985935321174
-9.34594223571713,-5.75285470342604,0,-0.0131189310077134,2.5,0.00380965770432689
-9.14595893834733,-5.75543930182087,0,-0.0126863132694717,2.5,0.00507320891691203
-8.9459744388814,-5.75792909242568,0,-0.0121596354460371,2.5,0.00701097776681617
-8.74598853181353,-5.76030303586783,0,-0.0115129491462398,2.5,0.0101953803272323
-8.54600098236897,-5.76253416995675,0,-0.0107116434248352,2.5,0.0158948552565002
-8.34601153249781,-5.7645876107336,0,-0.00970579116303207,2.5,0.0273391442789212
-8.14601990749944,-5.76641642464525,0,-0.00842313375168627,2.5,0.05388471872846
-7.94602586221762,-5.76795682321446,0,-0.0067568342265729,2.5,0.111118443155486
-7.74602927928325,-5.769119136143,0,-0.00454020030053428,2.5,0.163046306312349
-7.54603042127754,-5.76977289511413,0,-0.00150198442976044,2.55538050907354,0.177124860793219
-7.34603057491176,-5.76971992842068,0,0.00282477208742738,2.609578468617,0.178572821111565
-7.14603379600737,-5.76864299280671,0,0.00929973772851651,2.66265325681161,0.172271284183177
-6.94605205484512,-5.76600012585054,0,0.019630837748752,2.7,0.156862078920662
-6.7461221844146,-5.76079138422886,0,0.0375021001922012,2.7,0.126942081974399
-6.54636977121228,-5.75100417000377,0,0.0719110906486686,2.65214848197699,0.0776005623841209
-6.34730499870285,-5.73206246731506,0,0.148007169762312,2.6,0.0301607781211879
-6.15154915034219,-5.69213741080418,0,0.315630765481278,2.6,0.00880922129152426
-5.97037821385026,-5.60897803357364,0,0.534423739300256,2.6,0.0022649802194058
-5.80983409353628,-5.48988484661019,0,0.666534282194177,2.65152772293003,0.000205410412275309
-5.65620327199565,-5.36183904983431,0,0.697874088080164,2.7,-0.000941403053622025
-5.50335573645831,-5.23285348355041,0,0.68852564419644,2.7,-0.00210120318367453
-5.34736508109834,-5.10770831434343,0,0.645540875949767,2.7,-0.00357501095045587
-5.18405416643702,-4.99235808780823,0,0.55543426285629,2.7,-0.00573928931744581
-5.00832855948955,-4.89729978297543,0,0.39758550595981,2.7,-0.00929979017184728
-4.81760923812861,-4.8384695325151,0,0.204702884797268,2.7,-0.0164682806588311
-4.61898104257982,-4.8164670037496,0,0.0681720157117115,2.7,-0.0348347475487205
-4.41906481613412,-4.81125778801486,0,0.0136834337424524,2.7,-0.0862873545642793
-4.2190661064934,-4.81099445266126,0,-0.00185722357916089,2.7,-0.195156236154393
-4.01906871188443,-4.81200067106539,0,-0.00605334380360189,2.7,-0.29233713961721
-3.8190737349679,-4.8134157735798,0,-0.00762835464862336,2.7,-0.329211321997957
-3.61908043428712,-4.81505198268952,0,-0.00856881285777345,2.7,-0.339406096290661
-3.4190884605803,-4.81684325642943,0,-0.00937001481292952,2.7,-0.334348933988979
-3.21909804026948,-4.81879993333351,0,-0.0104884474284134,2.7,-0.31525876051951
-3.01911060778227,-4.82103855695038,0,-0.0140749683377519,2.7,-0.276809435292918
-2.81914050060873,-4.82442969480639,0,-0.0307328465179773,2.7,-0.208162178022952
-2.61936004544056,-4.83332789899865,0,-0.0942111015816006,2.7,-0.115924832706817
-2.42164299313103,-4.86198956243987,0,-0.247101591929614,2.7,-0.0501934201651609
-2.23418689242343,-4.93049045103446,0,-0.440798999993979,2.7,-0.0222508836697652
-2.06186445498963,-5.03171759927242,0,-0.576590064863747,2.7,-0.0114627936833342
-1.89934668168221,-5.14823893482882,0,-0.639360239620796,2.7,-0.00663807418329572
-1.74094507166625,-5.27033717043296,0,-0.658982928170098,2.7,-0.00405557462845063
-1.58310351454457,-5.39316183732182,0,-0.65367721272024,2.7,-0.00249883235457662
-1.42341724090222,-5.51357079329876,0,-0.628730589007874,2.7,-0.00142857571729151
-1.25966100094464,-5.62836026920364,0,-0.572428849458842,2.7,-0.000501414864748928
-1.08756195498197,-5.72999614817698,0,-0.443468823631567,2.7,0.00133544981360978
-0.900285266251395,-5.79907276706571,0,-0.263988271394884,2.7,0.00850419724106177
-0.703467749690719,-5.83381551029908,0,-0.131196539073443,2.7,0.0335725003301365
-0.50426047745358,-5.85133001990305,0,-0.0692926566957054,2.7,0.0853066622758118
-0.304524166793521,-5.86150369991284,0,-0.0422643101107129,2.7,0.130610436317081
-0.104638525945756,-5.86822982973899,0,-0.0290249739748527,2.66263884970767,0.153417255858979
0.0953014823066038,-5.87311188892506,0,-0.0216869591076821,2.60957694593684,0.162140643149067
0.295265380047981,-5.87690388931128,0,-0.0172341649730574,2.55538077633788,0.163329556808883
0.495241268955439,-5.88000519967651,0,-0.0143577630457951,2.5,0.159560785509621
0.695223793434385,-5.88264679206853,0,-0.0124162454069221,2.5,0.150908813843745
0.895210266992716,-5.88497156812426,0,-0.0110639399264887,2.5,0.131440343233688
1.0951992268482,-5.88707227681303,0,-0.0101010670424599,2.5,0.0864312873854978
1.29518981713293,-5.88901192579144,0,-0.00940536266002506,2.5,0.0417768383194475
1.4951815116547,-5.89083436619241,0,-0.00889747308239783,2.5,0.0200203493622453
1.69517397179366,-5.892570867956,0,-0.0085248664196628,2.5,0.0108181304927697
1.89516697036541,-5.8942442714012,0,-0.00825132293571553,2.5,0.00650037634937091
2.09516035138959,-5.89587135964819,0,-0.00805087371777864,2.5,0.00418731181101193
2.29515400518992,-5.8974645860842,0,-0.00790478409668996,2.5,0.00281488072650816
2.49514785331435,-5.89903324034991,0,-0.00779899922680599,2.5,0.00193945034757754
2.69514183984316,-5.90058415414626,0,-0.00772306555502126,2.5,0.0013505196506154
2.89513592395618,-5.90212243586006,0,-0.00767021527897413,2.5,0.000938089480862414
3.09513007333777,-5.90365221017329,0,-0.00763653930228181,2.5,0.000639513263694826
3.29512426062401,-5.90517702189154,0,-0.00761945566637276,2.5,0.000417662979261166
3.49511846216622,-5.90669996294948,0,-0.00761694064984174,2.5,0.000248630340804643
3.69511265712114,-5.90822376869034,0,-0.00762740032991207,2.5,0.00011671750572622
3.8951068267565,-5.90975089349864,0,-0.00764961064269719,2.5,1.14108763599915e-05
4.09510095381752,-5.91128358310519,0,-0.00768257646791667,2.5,-7.49076254939672e-05
4.29509502232098,-5.91282389385576,0,-0.00772550354446963,2.5,-0.000147601565884673
4.49508901704338,-5.91437375378294,0,-0.00777782340219886,2.55538646629052,-0.000210665096883687
4.69508292325837,-5.91593499184733,0,-0.00783902739665636,2.60959766643603,-0.000267188552311481
4.89507672674925,-5.91750933262538,0,-0.00790873465921805,2.66270538453892,-0.000319308703901622
5.09507041334189,-5.91909845272982,0,-0.00798671477562274,2.7,-0.000368255482136494
5.29506396884505,-5.92070398456859,0,-0.00807277623953928,2.69999990170241,-0.000414713202706426
5.49505737892834,-5.92232752814801,0,-0.00816677760817351,2.64764036343625,-0.000459139756894405
5.69505062902757,-5.92397065929385,0,-0.00826860987533913,2.59422426194272,-0.000501895754139324
5.89504370427787,-5.92563493440383,0,-0.00837831665622274,2.53968493131081,-0.00054353752884383
6.09503658900906,-5.92732194674085,0,-0.00849589232734379,2.48394838535467,-0.000584969486709121
6.29502926734198,-5.92903325044421,0,-0.00862131764915306,2.42693214020022,-0.000627255265349755
6.4950217225592,-5.93077043107118,0,-0.00875470675271261,2.36854378176341,-0.000671660221809596
6.69501393720152,-5.93253508840086,0,-0.00889606029746974,2.30867920676095,-0.000719789033397478
6.89500589327574,-5.93432880824226,0,-0.00904534388175821,2.24722044167935,-0.000773996911784385
7.09499757209601,-5.9361531766013,0,-0.00920247690943054,2.18403290887294,-0.000837550660701488
7.29498895454853,-5.93800974703586,0,-0.00936716181029205,2.11896195810136,-0.000915663243294643
7.49498002158876,-5.93989998651397,0,-0.00953901180386221,2.05182840692973,-0.00101699050562595
7.69497075408561,-5.9418252938727,0,-0.00971826693106807,1.9824227201599,-0.00115693891328754
7.89496113055512,-5.94378723207565,0,-0.00990662468727508,1.91049728333482,-0.00136487595524477
8.09495112350245,-5.94578787890661,0,-0.0101070259757661,1.83575594689733,-0.001685099055586
8.29494069746764,-5.94782997360716,0,-0.0103233345144331,1.75783956111693,-0.00159081675005727
8.49492980605466,-5.94991713933307,0,-0.0105607219161094,1.67630544598293,0.00541983614390162
8.69491838774986,-5.95205418380848,0,-0.0108265992989541,1.59059736382913,0.0374805038032646
8.89490635790347,-5.95424769439261,0,-0.0111318298196852,1.5,0.0982457378588131
9.09489359727052,-5.95650682369468,0,-0.0114931425928355,1.5,0.162035498926526
9.29487992929205,-5.95884485010006,0,-0.0119380837414923,1.5,0.214740684887197
9.49486507754558,-5.96128194356916,0,-0.0125146364488419,1.5,0.26197559351048
9.69484857727306,-5.96385057364888,0,-0.0133122396070249,1.5,0.308226719848644
9.8948295752846,-5.9666066813435,0,-0.0144782666552563,1.5,0.347064330865859
10.0948065240747,-5.96964167610324,0,-0.0150477240708386,1.5,0.372335241837402
10.2947840449453,-5.97262554014213,0,-0.000965314418491786,1.5,0.385180599601762
10.4947315119822,-5.9700277295803,0,0.07698478894592,1.5,0.390413396127629
10.6924255386295,-5.9419525736611,0,0.262456740214432,1.5,0.392371651605591
10.8772958175737,-5.8672503503307,0,0.511577868266533,1.5,0.393137962497625
11.0374663728016,-5.74823557270308,0,0.744399862061965,1.5,0.393477161767875
11.1693055424069,-5.598253824262,0,0.944073295110055,1.5,0.393671113961166
11.2706677723749,-5.42618207433556,0,1.13087659046148,1.5,0.393840143081003
11.3386890537109,-5.2383859320567,0,1.30089519365634,1.5,0.394036963292561
11.3768943048804,-5.04220997943016,0,1.42890896406605,1.5,0.394302135096881
11.3951558374125,-4.84309108083776,0,1.50492925318421,1.5,0.394687995605152
11.40320991467,-4.64326190369618,0,1.54086635159979,1.5,0.394675728215092
11.4071251061205,-4.44330142584041,0,1.55501081510459,1.5,0.387773785858785
11.4095237903499,-4.24331596849506,0,1.56019405716209,1.5,0.355864330363322
11.411365928512,-4.04332447409867,0,1.56209984633033,1.5,0.295320458203268
11.4130023380144,-3.84333117171127,0,1.56280483645202,1.5,0.231871238719757
11.4145624905397,-3.64333725744783,0,1.56308585792577,1.5,0.179719246652309
11.4160864949849,-3.44334306417993,0,1.56324100387564,1.5,0.133438617386251
11.4175845909469,-3.24334867510761,0,1.56336738473983,1.5,0.0888457740606373
11.4190580444663,-3.04335410298643,0,1.56350342230192,1.5,0.0527154214965455
11.4205017268744,-2.84335931384685,0,1.56368115128225,1.5,0.0340962526205783
11.4219040906368,-2.64336423097793,0,1.56393717686567,1.5,0.0350694187203339
11.4232453652888,-2.4433687297284,0,1.56432363316263,1.5,0.0507993165154257
11.4244931499149,-2.24337262496983,0,1.56492742773311,1.5,0.0759548368170922
11.4255929112176,-2.04337565588564,0,1.56590195108574,1.5,0.104708891375237
11.4264508918926,-1.8433775159866,0,1.5675322889011,1.5,0.133043148353768
11.4268985231112,-1.64337807636166,0,1.57038254981878,1.5,0.159564632718417
11.4266164022979,-1.44337846962939,0,1.57543582161461,1.5,0.184246619430154
11.4250427450114,-1.24338522007661,0,1.58398762748786,1.5,0.207833691220416
11.4213401417285,-1.0434213579547,0,1.60251677634668,1.5,0.231538990139603
11.412358284937,-0.843636614505618,0,1.64325503843702,1.5,0.256392413963059
11.3923969092811,-0.644676185126168,0,1.71259845624479,1.5,0.28285444030288
11.3558936459391,-0.448115967596329,0,1.80851352751216,1.5,0.310483794808174
11.2983859987496,-0.256679997293064,0,1.92152111909345,1.5,0.337117330543778
11.2187787266915,-0.073331522602674,0,2.03760630283684,1.5,0.359641769973291
11.1187618804925,0.0997458934423917,0,2.14802294086056,1.5,0.376858375942191
11.0009103433477,0.261226897047495,0,2.25071006002453,1.5,0.387351976863619
10.8676819210906,0.41028906041851,0,2.34740215232177,1.5,0.390908017511547
10.7209831022062,0.546120360633539,0,2.44211206919244,1.5,0.389953979704331
10.5620716274004,0.667429822465503,0,2.53936465464227,1.5,0.386640493418049
10.3918977305252,0.772337793432161,0,2.64217293649915,1.5,0.379228296234903
10.2115851922325,0.85863743861026,0,2.75061297630984,1.5,0.364819453045985
10.0228380661474,0.924464403525012,0,2.85952907379552,1.5,0.343496815895044
9.82812136725602,0.96976136963918,0,2.95844983127973,1.5,0.3162086395688
9.63006965172546,0.997212296823054,0,3.03890519391423,1.5,0.286632367087136
9.43055538692704,1.01073051418795,0,3.09595445359532,1.5,0.257982884033421
9.23061861580091,1.01545519055612,0,3.12690275550224,1.5,0.231350650850948
9.03062249227485,1.01660591028166,0,3.1371598239218,1.5,0.206633232414457
8.83062347822554,1.01722831248297,0,3.13717660042202,1.5,0.183035865746869
8.6306268431025,1.01837232381788,0,3.13425487647001,1.5,0.15932399598075
8.43063493789079,1.02016339192041,0,3.13135292629218,1.5,0.134452903701617
8.23064825549676,1.02246813863233,0,3.12923609353063,1.5,0.107952987772074
8.03066566353687,1.02510588783097,0,3.1279300194302,1.5,0.0802556147904883
7.83068565020927,1.02793302142892,0,3.12720352690356,1.5,0.0535083695887261
7.63070708998462,1.03086133963682,0,3.12683442871155,1.5,0.0307969482225339
7.43072921431111,1.03383609703116,0,3.12668746908,1.5,0.0132710065502857
7.23075152240762,1.0368231926779,0,3.12667612947755,1.5,0.00225200940358634
7.03077371414524,1.03980248541226,0,3.12673982223287,1.5,-0.00223437238835307
6.83079564343258,1.04276410677323,0,3.12683247165143,1.5,-0.00291902171947074
6.63081728656835,1.04570634380098,0,3.12692003060756,1.5,-0.00229710524098066
6.43083870024337,1.04863294537515,0,3.12698664349791,1.5,-0.0015234656169488
6.23085995312037,1.0515485401049,0,3.12703085294584,1.5,-0.000920664929425339
6.03088110877793,1.05445745978233,0,3.12705385336553,1.5,-0.000546521683073162
5.8309022277306,1.05736385531901,0,3.12705626511225,1.5,-0.000352918036367578
5.63092336935767,1.06027181039978,0,3.12703815317159,1.5,-0.000268156107089749
5.43094459373505,1.06318544994562,0,3.1269990272367,1.5,-0.000247282776946787
5.23096596355556,1.06610905373664,0,3.12693781409549,1.5,-0.000259502350311662
5.03098754618474,1.06904717591796,0,3.12685303228341,1.5,-0.000278539643867231
4.83100941468538,1.07200468876707,0,3.12674434620122,1.5,-0.000281242191306009
4.6310316407889,1.07498628061879,0,3.12661373481237,1.5,-0.000246447805397246
4.4310542887701,1.07799603220806,0,3.12646466532497,1.5,-0.000155013245067954
4.23107741277082,1.08103724509366,0,3.12630172034647,1.41421355892107,9.27495781555514e-06
4.03110105227858,1.08411216713169,0,3.12613113998251,1.31148770326383,0.000257246524101544
3.83112522548091,1.08722160409522,0,3.12596137859544,1.2,0.000266022249641564
3.63114992048853,1.09036442248389,0,3.12580355091462,1.2,-0.0011431058832354
3.43117508506975,1.09353698273489,0,3.12567389878826,1.2,-0.00571582057681509
3.23120060158788,1.09673165546688,0,3.12560004544027,1.2,-0.0156142434273734
3.03122623681036,1.09993375330777,0,3.12562025850515,1.2,-0.0328888271305236
2.83125162447511,1.10312034184063,0,3.12577709159902,1.0954451090828,-0.0580049719925262
2.63127626605733,1.10625971431397,0,3.12611710844637,0.959166300091345,-0.0869018576478019
2.43129953546198,1.10931031260777,0,3.12669516685701,0.8,-0.112043588618056
2.23132068661265,1.11221848807935,0,3.12756389584555,0.8,-0.129836312798471
2.03133896513564,1.11492163067473,0,3.12810039085345,0.8,-0.14012432333785
1.83135713282799,1.11761522891226,0,3.12530210740162,0.8,-0.143558753879536
1.63139460605499,1.12143751913884,0,3.11332046582873,0.8,-0.140318838632044
1.43154097569656,1.12892191907884,0,3.08434003057598,0.8,-0.129547046576852
1.2321583623831,1.14431984846877,0,3.02993581316175,0.8,-0.109479871632733
1.03435382944602,1.17345580659629,0,2.94507271942857,0.8,-0.0790546748194607
0.840518923105916,1.22229115194409,0,2.83693057416902,0.8,-0.0384117297865888
0.653616681925511,1.29317930809588,0,2.72871626659322,0.8,0.00931285076855767
0.474749889398452,1.38251819506516,0,2.64270082308189,0.8,0.0573664014412265
0.302673006699767,1.4843960445856,0,2.58637927981519,0.8,0.0991205077311958
0.134934761522391,1.59330597777141,0,2.55876499419019,0.8,0.131727819029229
-0.0312774709868256,1.70454200373756,0,2.55820621305646,0.8,0.155937765813467
-0.198894046890244,1.81363942933258,0,2.58607021323353,0.8,0.174628513294902
-0.371018069730925,1.91542898846829,0,2.64761330856952,0.8,0.191399960186471
-0.550691404131706,2.00308600936192,0,2.7485143747633,0.8,0.209686645267839
-0.739593197652644,2.06826157304363,0,2.89066156108496,0.8,0.23227562068152
-0.936455737463375,2.10197050725105,0,3.06756360728177,0.8,0.260004830670612
-1.13608402123562,2.09766714733931,0,-3.02369692954326,0.8,0.288896552985761
-1.33123707505379,2.05521062982679,0,-2.84349190281148,0.8,0.311225861736274
-1.51665084845175,1.98073552258946,0,-2.69390819236313,0.8,0.322879458663653
-1.69077392317707,1.88256017259833,0,-2.57974619847794,0.8,0.32270540460939
-1.85462557261183,1.76797206802554,0,-2.49674799656241,0.8,0.309609641150852
-2.0101937099789,1.64232409963888,0,-2.43780736960446,0.8,0.281193471585487
-2.15946254794371,1.50923258250857,0,-2.39667321301693,0.8,0.234146261237757
-2.30419495333013,1.37121048598073,0,-2.36932938903625,0.8,0.16604121796872
-2.44597396945095,1.23015060040553,0,-2.35355936403939,0.8,0.0803939984851135
-2.58628596689318,1.08762885017507,0,-2.34845227634707,0.8,-0.0130223642784957
-2.72661804177599,0.945126919864759,0,-2.35421801590652,0.8,-0.103540781655237
-2.86856250095115,0.80423428027003,0,-2.37226997850486,0.8,-0.183010951620922
-3.01394073453657,0.666896551951525,0,-2.40563458304125,0.959136430776239,-0.246718945709947
-3.16494863986096,0.535795893188905,0,-2.45978714994907,1,-0.294196262299305
-3.32428352815832,0.415006225424959,0,-2.54336232851992,1,-0.327956674231427
-3.49491409894268,0.31091057824078,0,-2.66640739118535,1,-0.35106928641879
-3.67870677356778,0.232653199009696,0,-2.83514955220794,1,-0.366122464110683
-3.87393301248267,0.190985173104455,0,-3.04177026655445,1,-0.374734586090831
-4.07350512611463,0.193112061725883,0,3.02539780913072,1,-0.377704309907547
-4.26830436104586,0.23701643705373,0,2.83441764634464,1,-0.375221343151785
-4.45291944585639,0.313468145340259,0,2.68635475927529,1,-0.366930134822505
-4.62661913468911,0.412422851483904,0,2.5802030572799,1,-0.351893096060978
-4.79109217406808,0.526140585724853,0,2.50742858866237,1.13125072831729,-0.32847973631845
-4.94865953840988,0.649287402284403,0,2.45912571873997,1.2,-0.29435781156772
-5.1014231731255,0.778362007381517,0,2.42838324790208,1.2,-0.246939316705195
-5.25113779889841,0.910968787077112,0,2.41099441282016,1.2,-0.184105675325013
-5.39932637197004,1.04528192248005,0,2.4047987151084,1.2,-0.106088941141729
-5.54738803896435,1.17973518560958,0,2.40897909421486,1.2,-0.0167707084331495
-5.6966932899692,1.31280369134785,0,2.42377560696507,1.2,0.0750857036408357
-5.84866419225921,1.4428134657853,0,2.4504307926682,1.2,0.15783374479807
-6.00483880154247,1.56772978542555,0,2.49132078165918,1.2,0.223916046993931
-6.1669042611958,1.68487751608812,0,2.55016760563613,1.2,0.272844144748078
-6.33663189428962,1.79056916735408,0,2.63186913101267,1.2,0.307660014419942
-6.51553314896984,1.8797595964458,0,2.74078968119455,1.2,0.331567604071176
-6.70399400292185,1.94623520467499,0,2.8777091234283,1.2,0.347119775120721
-6.90023232276623,1.98369924298253,0,3.0363567049156,1.2,0.355844669070349
-7.0999452158262,1.98805801065209,0,-3.08090131195947,1.2,0.358333189612154
-7.29769201581749,1.95954721951479,0,-2.92514011456237,1.2,0.354440494806134
-7.48921525439955,1.90245850063849,0,-2.79190502575052,1.2,0.343265077500524
-7.67257958599371,1.82283526703216,0,-2.68522670487942,1.2,0.322971121004185
-7.8477541770397,1.72644070631643,0,-2.60328992340518,1.2,0.290865090066337
-8.01572497486826,1.6179346315967,0,-2.54196649145301,1.2,0.245030102200944
-8.17782181966991,1.50081038090545,0,-2.49729931251278,1.2,0.185691821194148
-8.33546028517088,1.37773712498741,0,-2.46668455258282,1.2,0.116289374781871
-8.49009687485307,1.25090471809855,0,-2.44887352471405,1.2,0.0425824879000166
-8.64325782702356,1.12229048378861,0,-2.44383572681482,1.2,-0.0304310210344745
-8.79661022617573,0.993905170656631,0,-2.45283968692658,1.2,-0.098855549374503
-8.95205841571663,0.868072939772534,0,-2.47879488872505,1.2,-0.158684699288524
-9.11185185855458,0.74782829412176,0,-2.52693472381294,1.2,-0.20683027821478
-9.27864044449323,0.637546906238686,0,-2.60507295706277,1.2,-0.242488228046309
-9.45512130941825,0.543682992268593,0,-2.72005515993862,1.2,-0.265525544801274
-9.64251914599408,0.474377173509227,0,-2.87155188742117,1.2,-0.274960745743775
-9.83880938097993,0.437477357081919,0,-3.04734638035829,1.2,-0.267933136616047
-10.0385329310313,0.436943451168653,0,3.05852721466005,1.2,-0.2429823372148
-10.2354845858736,0.470503350374102,0,2.90200770045903,1.2,-0.212963746044767
-10.4258064835261,0.531545412681125,0,2.77777893058679,1.2,-0.193291577402918
-10.60858635867,0.612566767805762,0,2.68719111278084,1.2,-0.18262253326727
-10.7848810429767,0.706951637862452,0,2.62700040517569,1.31136761936285,-0.174545074797054
-10.9566575250058,0.809367376926334,0,2.59263273558137,1.41406402741983,-0.164448234367484
-11.1260770207684,0.91565271419353,0,2.58192551091315,1.5,-0.148947977605235
-11.295627567481,1.02172734250105,0,2.59891917258785,1.5,-0.125023243091446
-11.468541614734,1.12218268970025,0,2.65541993906681,1.5,-0.091329802966981
-11.6488832958454,1.20841662889248,0,2.76403398978854,1.5,-0.0491942908914039
-11.8392126962512,1.26918515810627,0,2.90462450740686,1.5,-0.00338850244064945
-12.036377147584,1.30199858539621,0,3.02181396283718,1.5,0.0394862994380943
-12.2357886739683,1.31691498703483,0,3.08752254201255,1.5,0.0748914651166021
-12.4356713772587,1.32360953347614,0,3.11600974513909,1.5,0.101615218539363
-12.6356394656421,1.32714656546846,0,3.12640239988241,1.5,0.120192639880846
-12.8356233080884,1.3296853721041,0,3.12945445911837,1.59059723058932,0.131713196924432
-13.035609892529,1.33200172274128,0,3.13015993436831,1.67630531600848,0.137377134224459
-13.2355971606466,1.33425836009869,0,3.13040495770739,1.75783943915325,0.137066968699331
-13.4355848574,1.33647670771353,0,3.13056495293713,1.8,0.128879710198608
-13.6355728377381,1.33866935094258,0,3.13067133946894,1.8,0.108812070972959
-13.8355610021351,1.34084514651441,0,3.13073959521025,1.8,0.0745673709420303
-14.0355492800077,1.34301048906824,0,3.13078035315193,1.8,0.0385351426413929
-14.2355376211357,1.34516998242133,0,3.13080169504327,1.8,0.0159710225079283
-14.4355259912635,1.34732678871713,0,3.13081039662913,1.8,0.00567500965909381
-14.6355143699466,1.3494828016385,0,3.130812549199,1.8,0.00172628439770419
-14.8355027493584,1.35163874695641,0,3.13081271822358,1.8,0.000475177891273249
-15.0354911287703,1.35379469227187,0,3.13081271822968,1.8,0.000187003993813175
-15.2354795081822,1.35595063758734,0,3.13081271822968,1.8,9.20776341312632e-05
-15.4354678875941,1.3581065829028,0,3.13081271822968,1.8,1.12230182733458e-05
-15.635456267006,1.36026252821827,0,3.13081271822968,1.8,-6.85786446476722e-05
-15.8354446464179,1.36241847353373,0,3.13081271822968,1.8,-0.000153578772544622
-16.0354330258298,1.36457441884919,0,3.13081271822968,1.8,-0.000248332902212784
-16.2354214052416,1.36673036416466,0,3.13081271821527,1.8,-0.00035655441438108
-16.4354097846534,1.36888630948589,0,3.13081216244494,1.8,-0.000481716132278789
-16.6353981616686,1.37104247709656,0,3.13080527585631,1.8,-0.000627281677470861
-16.8353865113625,1.37320117689293,0,3.13077877958347,1.8,-0.000795153504081765
-17.0353747738073,1.37536794239347,0,3.13071805440772,1.8,-0.000982601001138238
-17.235362859764,1.37755093082828,0,3.13061151579735,1.8,-0.00118195234838491
-17.4353506557956,1.37976030922041,0,3.13045019847058,1.8,-0.00138199237679213
-17.6353380267161,1.38200782062372,0,3.13022698141973,1.8,-0.00157046511844174
-17.835324815987,1.38430648015918,0,3.1299357286492,1.8,-0.00173693548763738
-18.0353108430957,1.38667048491812,0,3.12957053530923,1.8,-0.00187521796171817
-18.2352958991704,1.38911521150302,0,3.12912511073212,1.8,-0.00198357319877606
-18.4352797397018,1.39165737266762,0,3.1285923576555,1.8,-0.00206403051283667
-18.6352620757604,1.39431518311077,0,3.12796763623412,1.8,-0.00212029169702549
-18.8352425820069,1.39710721057779,0,3.12725716748605,1.8,-0.00215426135449834
-19.0352209377885,1.40004918061543,0,3.12648359086989,1.8,-0.0021662701880587
-19.2351968838172,1.40315060508558,0,3.12568482919079,1.8,-0.00215671713104573
-19.4351702844774,1.40641204132624,0,3.12490780364987,1.8,-0.00213445450351658
-19.6351411704123,1.40982423478097,0,3.12419791742745,1.8,-0.00219661608121936
-19.8351097410545,1.41336958439895,0,3.12358841174038,1.8,-0.00224760664118146
-20.0350763211691,1.41702554208388,0,3.12309513631792,1.8,-0.00228371634278837
-20.2350412987814,1.42076816914349,0,3.12271751121612,1.8,-0.00230031163378633
-20.4350050621164,1.42457515059874,0,3.12244351826439,1.8,-0.00229126213740971
-20.6349679596928,1.42842735509713,0,3.12225616977225,1.8,-0.0022483896700659
-20.8349302830265,1.43230926211221,0,3.12213771649753,1.8,-0.00216320906480649
-21.0348922626286,1.43620883902701,0,3.12207207976989,1.8,-0.00203106399177958
-21.2348540747552,1.44011699575577,0,3.12205062614905,1.8,-0.00185326833551492
